name,trial_num,depth_rgb_backbone,depth_rgb_head_units,depth_rgb_head_dropout,depth_rgb_pretrain_lr,depth_rgb_use_mixup,thermal_map_backbone,thermal_map_head_units,thermal_map_head_dropout,thermal_map_pretrain_lr,thermal_map_use_mixup,image_size,rf_n_estimators,rf_max_depth,rf_feature_selection_k,rf_min_samples_leaf,fusion_strategy,image_projection_dim,fusion_head_units,stage1_lr,stage1_epochs,label_smoothing,focal_gamma,stage2_epochs,stage2_unfreeze_pct,fold,depth_rgb_pretrain_kappa,thermal_map_pretrain_kappa,meta_kappa,meta_acc,meta_f1,best_s1_kappa,best_s1_epoch,best_s2_kappa,post_eval_kappa,post_eval_acc,post_eval_f1,kappa_delta,trainable_weights,total_weights,elapsed_seconds,n_val_samples
trial_0,0,ResNet50V2,[64],0.42544423647442653,0.00014786125334132757,False,ResNet50V2,[256],0.42544423647442653,0.000602906674791436,False,128,10,20,80,1,prob_concat,16,[64],5.165384021620204e-05,100,0.10495493205167786,2.0,0,0.4881899834786567,0,0.23238264408853226,0.29051432909470476,0.09677640201083659,0.4719710669077758,0.35628679962013293,0.17678195238113403,39,-1.0,0.17678158974310754,0.42857142857142855,0.41121792060965995,0.08000518773227094,16,562,461.07175517082214,553
trial_6,6,ResNet50V2,"[128, 64]",0.4118282572487705,0.00010268678966729248,False,ResNet50V2,[256],0.4118282572487705,0.0006188140636942118,False,128,500,20,30,10,prob_concat,0,"[64, 32]",0.0018703677518350503,500,0.055844188649299464,2.0,0,0.29378307303543716,0,0.20369866489753619,0.319586219467736,0.10640195250164264,0.3779385171790235,0.34794932426448444,0.23975735902786255,30,-1.0,0.23975711537933964,0.3960216998191682,0.37505377217248864,0.133355162877697,24,574,526.8344666957855,553
trial_9,9,EfficientNetB3,[128],0.4314574449778512,0.00022172267889754372,False,MobileNetV3Large,[128],0.4314574449778512,0.00048018988564091386,True,128,500,8,20,1,prob_concat,0,"[64, 32]",0.0019157048380113798,500,0.021601191080586165,2.0,30,0.40486121714208334,0,0.1344421023372172,0.2833514363833852,0.06536694517841413,0.42495479204339964,0.36669864377385886,0.21041500568389893,3,0.18366187810897827,0.2104144668247232,0.6329113924050633,0.44943367983651417,0.14504752164630907,20,787,595.5493674278259,553
trial_10,10,ResNet50V2,"[128, 64]",0.3064420124267788,0.0030031711255648773,False,MobileNetV3Large,[32],0.3064420124267788,0.00021086617585571615,True,64,500,5,10,10,prob_concat,0,[16],0.0012204056140169572,500,0.0753115695903599,2.0,0,0.10360449523561674,0,0.13089189665216983,0.2628211231932357,0.04478358561640994,0.23869801084990958,0.21221258156972497,0.27121680974960327,16,-1.0,0.2712165040738008,0.33815551537070526,0.3370693656235096,0.22643291845739089,20,560,354.4010133743286,553
trial_11,11,ResNet50V2,"[128, 64]",0.3892614531680264,0.001751158202489882,False,EfficientNetB2,"[128, 64]",0.3892614531680264,0.00015584703686027796,False,64,500,5,10,10,prob_concat,0,[128],0.001536661398453363,500,0.03856087148034278,2.0,100,0.35611825827805116,0,0.11052352477579763,0.2569561782396327,0.04478358561640994,0.23869801084990958,0.21221258156972497,0.21974718570709229,55,0.20486682653427124,0.22047961493281376,0.33815551537070526,0.33724129075436676,0.17569602931640382,24,744,398.22314405441284,553
trial_12,12,EfficientNetB3,[32],0.3917434177992841,0.0014849352447118334,False,ResNet50V2,[32],0.3917434177992841,0.0008816765543119195,False,64,500,5,30,1,prob_concat,0,[64],0.00027740473719849276,500,0.2,2.0,50,0.20922278937436328,0,0.1945626706039587,0.27153428363456333,0.14701285845529022,0.37251356238698013,0.3588636295384246,0.21243500709533691,4,0.16769134998321533,0.21243478710032893,0.26763110307414106,0.2643482012110903,0.06542192864503871,16,789,451.75068831443787,553
trial_13,13,ResNet50V2,[128],0.4591049771541129,0.00024734567162320605,False,MobileNetV3Large,[128],0.4591049771541129,0.0010413301590135994,True,128,500,8,40,10,feature_concat,0,[16],8.705062876760291e-05,500,0.1995240584778398,2.0,0,0.32147260261737975,0,0.2271812795585555,0.28715433181009853,0.14793114621839853,0.36347197106690776,0.3378390709819281,0.21027272939682007,15,-1.0,0.20829239536254673,0.28390596745027125,0.28967695364914664,0.0603612491441482,14,552,468.5559377670288,553
trial_14,14,ResNet50V2,"[128, 64]",0.1,0.004999999999999999,True,EfficientNetB2,[32],0.1,0.00010837772850504338,True,64,300,3,10,10,prob_concat,0,[],0.004999999999999999,500,0.0386911690700947,3.0,0,0.05,0,0.14349754817442728,0.25765870059175966,0.0905176929039827,0.2332730560578662,0.20568421395619055,0.24812442064285278,16,-1.0,0.24812416080878286,0.37251356238698013,0.37001563010332433,0.15760646790480015,16,732,366.8198390007019,553
trial_15,15,EfficientNetB0,"[128, 64]",0.15179996026266163,0.00019967646911333745,False,MobileNetV3Large,[32],0.15179996026266163,0.00013889300517049447,False,224,300,15,30,10,prob_concat,0,"[64, 32]",0.003144596326177289,500,0.024072659191965967,2.0,0,0.24903023727063578,0,0.18717941026487073,0.2787676592675127,0.11752557964892518,0.37251356238698013,0.34402775563703347,0.20431697368621826,2,-1.0,0.20431654676258992,0.4719710669077758,0.4293984927870178,0.08679096711366474,24,608,759.6967244148254,553
trial_16,16,ResNet50V2,[256],0.3344266550160643,0.004338127017221832,False,EfficientNetB3,[32],0.3344266550160643,0.0001310855002641196,False,64,10,3,80,10,feature_concat,0,[128],0.0005101278844394622,200,0.08491502452566653,3.0,30,0.24056492018037617,0,0.13831797849334937,0.2545488206332769,0.07225179137893356,0.3688969258589512,0.35791196143619053,0.25676774978637695,24,0.2521548867225647,0.2567675724325811,0.39059674502712477,0.384045665937014,0.18451578105364752,14,787,417.7577950954437,553
trial_17,17,ResNet50V2,"[128, 64]",0.10096002562706374,0.004999999999999999,True,DenseNet121,[32],0.10096002562706374,0.00022429678330802003,True,64,10,3,10,10,feature_concat,0,[16],0.003481322064604246,200,0.06912318361308072,3.0,0,0.05,0,0.14702306422051659,0.2794200145441593,0.20995017508644642,0.3074141048824593,0.30249833258562847,0.3062649369239807,5,-1.0,0.30736383046381677,0.4593128390596745,0.43659552316501826,0.09741365537737035,18,900,330.91110849380493,553
trial_18,18,ResNet50V2,"[128, 64]",0.21653788549798614,0.004999999999999999,True,DenseNet121,[32],0.21653788549798614,0.0001,True,64,10,3,10,10,feature_concat,0,[16],0.004999999999999999,200,0.0,1.0,0,0.05,0,0.15627618199296223,0.27974898369972767,0.20995017508644642,0.3074141048824593,0.30249833258562847,0.2853829264640808,16,-1.0,0.2853825264537879,0.5117540687160941,0.45344647640016383,0.0754323513673415,18,900,344.30520391464233,553
trial_19,19,EfficientNetB2,[64],0.1,0.004999999999999999,True,DenseNet121,[64],0.1,0.00011474848685049696,True,64,10,3,10,10,feature_concat,0,[],0.004999999999999999,200,0.0,1.0,0,0.05,0,0.22364875574576004,0.2981223884318922,0.20995017508644642,0.3074141048824593,0.30249833258562847,0.32224273681640625,15,-1.0,0.31761784733456233,0.5045207956600362,0.46039645981404864,0.10766767224811591,10,1058,357.42058539390564,553
trial_20,20,EfficientNetB2,[64],0.1,0.004999999999999999,True,DenseNet121,[64],0.1,0.00016361017529954467,True,64,10,3,10,10,feature_concat,0,[],0.004999999999999999,200,0.027299167873355873,1.0,0,0.05,0,0.22364875574576004,0.2983759878199087,0.20995017508644642,0.3074141048824593,0.30249833258562847,0.29808396100997925,23,-1.0,0.297376895602787,0.3833634719710669,0.3811029290869897,0.0874267205163406,10,1058,278.477658033371,553
trial_21,21,MobileNetV3Large,[64],0.4944889188622087,0.00012597505131061294,True,DenseNet121,[32],0.4944889188622087,0.0011093894865743738,True,128,10,20,10,10,prob_concat,0,"[64, 32]",6.278687810230474e-05,200,0.02571275243262531,1.0,50,0.05,0,0.27887342878268473,0.30316922589836937,0.05763150330554767,0.34900542495479203,0.30656646378779534,0.1638277769088745,69,0.16839462518692017,0.1683942171163031,0.3743218806509946,0.3436919330507929,0.11076271381075542,20,894,844.4975719451904,553
trial_22,22,EfficientNetB2,[64],0.1,0.004999999999999999,True,DenseNet121,[64],0.1,0.0007385655643572306,True,64,10,3,10,10,feature_concat,0,[],0.004999999999999999,200,0.0,1.0,0,0.05,0,0.22364875574576004,0.29713165784290574,0.20995017508644642,0.3074141048824593,0.30249833258562847,0.31754666566848755,11,-1.0,0.31778264751237717,0.5207956600361664,0.46046470454634303,0.10783247242593075,10,1058,284.67969608306885,553
trial_23,23,DenseNet121,[64],0.46913663306196907,0.0009145787930425231,False,DenseNet121,[32],0.46913663306196907,0.0026950808393519194,False,64,10,3,40,10,prob_concat,0,[16],0.0001799418755606808,200,0.1798812415603842,1.0,100,0.05,0,0.2105439226379645,0.30149345617815326,0.04165802936957408,0.26763110307414106,0.24932537698785848,0.12692171335220337,23,0.1329001784324646,0.13289992768617243,0.2513562386980108,0.2582746548911962,0.09124189831659835,16,1230,476.2966191768646,553
trial_24,24,EfficientNetB2,[64],0.1,0.004999999999999999,True,DenseNet121,[64],0.1,0.004999999999999999,True,64,10,3,10,10,feature_concat,0,[],0.004999999999999999,200,0.08152271098716818,1.0,50,0.05,0,0.22364875574576004,0.3170857013392727,0.20995017508644642,0.3074141048824593,0.30249833258562847,0.2934955358505249,11,0.30129891633987427,0.30129871857107715,0.4267631103074141,0.4052523988899442,0.09134854348463073,10,1058,345.1293170452118,553
trial_25,25,EfficientNetB2,[64],0.1,0.0013803234223353541,True,DenseNet121,[64],0.1,0.004999999999999999,True,64,10,20,10,10,prob_concat,0,[],0.00353688124108299,100,0.0,1.0,30,0.05,0,0.22559705302079158,0.3170857013392727,0.05763150330554767,0.34900542495479203,0.30656646378779534,0.331318199634552,23,0.3133348822593689,0.3313180169286578,0.4321880650994575,0.42140056310122115,0.27368651362311014,12,1060,361.3751242160797,553
trial_26,26,EfficientNetB2,[64],0.1,0.0015320606911842702,True,DenseNet121,[64],0.1,0.004999999999999999,True,64,10,20,10,10,prob_concat,0,[],0.004999999999999999,100,0.0,1.0,30,0.05,0,0.24301915697942433,0.3170857013392727,0.05763150330554767,0.34900542495479203,0.30656646378779534,0.34466415643692017,13,0.31095409393310547,0.3446638993036957,0.47920433996383366,0.4530875912267893,0.287032395998148,12,1060,287.6666054725647,553
trial_27,27,EfficientNetB2,[32],0.2653978334755849,0.002746512668781938,True,DenseNet121,[64],0.2653978334755849,0.0018028638581072283,False,256,10,20,10,1,feature_concat,0,[32],5.631989629693947e-05,100,0.1989570193266357,3.0,30,0.05,0,0.18864966904824487,0.2727233435622596,-0.040869929758818424,0.4213381555153707,0.3249359490385923,0.18074095249176025,11,0.1711936593055725,0.18145521314432,0.36347197106690776,0.3511837162407221,0.22232514290313843,14,1064,1290.3221275806427,553
trial_28,28,ResNet50V2,[64],0.4738805555705047,0.00022130530160995168,True,EfficientNetB0,[64],0.4738805555705047,0.0006387611348781768,True,256,10,20,80,1,feature_concat,0,[32],7.219003318314093e-05,100,0.09504111446417685,2.0,30,0.05,0,0.28920737410614616,0.33485136401114735,0.09677640201083659,0.4719710669077758,0.35628679962013293,0.24867862462997437,51,0.25431835651397705,0.2543181159051974,0.36347197106690776,0.35483454365376943,0.15754171389436078,14,602,1979.667362689972,553
trial_29,29,EfficientNetB2,[64],0.40978899834579585,0.0001,True,MobileNetV3Large,[64],0.40978899834579585,0.00047239066396518497,True,64,50,15,30,10,feature_concat,0,[64],5.184558697329634e-05,200,0.020743025154690446,1.0,50,0.2961966407545771,0,0.20068438815161427,0.2672927114232284,0.12098354075947593,0.3471971066907776,0.32199211824614726,0.24555397033691406,34,0.2545269727706909,0.2545266851349014,0.3291139240506329,0.33236387703929643,0.13354314437542547,14,722,466.3242061138153,553
trial_30,30,EfficientNetB2,[64],0.1866575979367132,0.0018336299901543223,True,DenseNet121,[64],0.1866575979367132,0.004999999999999999,True,64,10,20,10,10,prob_concat,0,[],0.004999999999999999,100,0.0,1.0,30,0.05,0,0.23730449893801908,0.31400038809114594,0.05763150330554767,0.34900542495479203,0.30656646378779534,0.314284086227417,7,0.3300090432167053,0.3300088525253868,0.4104882459312839,0.399590068271362,0.27237734921983914,12,1060,537.3558187484741,553
trial_31,31,EfficientNetB2,"[128, 32]",0.5692312482644013,0.00016063792550652023,False,MobileNetV3Large,"[128, 32]",0.5692312482644013,0.0009746748183079752,True,64,10,20,30,3,feature_concat,0,[],0.0008524294795545555,100,0.18561452820542088,1.0,100,0.389347896852958,0,0.20347290295476828,0.2538586525587866,0.13945083078158726,0.40325497287522605,0.3439063356808189,0.28353941440582275,8,0.27110183238983154,0.2812053190467311,0.34177215189873417,0.34135931825984417,0.1417544882651438,18,728,432.7736871242523,553
trial_32,32,EfficientNetB2,[64],0.1,0.0003030496723335722,True,DenseNet121,[64],0.1,0.004999999999999999,True,64,10,20,20,3,prob_concat,0,[],0.002446078102582483,100,0.0,1.0,30,0.05,0,0.23692137254709167,0.3170857013392727,0.06066488716330998,0.5081374321880651,0.42521695429732054,0.3598862290382385,43,0.3274837136268616,0.3598859266995059,0.5298372513562387,0.4863677321988373,0.29922103953619594,12,1060,418.67840027809143,553
trial_33,33,EfficientNetB3,[64],0.11457053977526713,0.0001,True,DenseNet121,[64],0.11457053977526713,0.004999999999999999,True,64,10,20,20,3,prob_concat,0,"[64, 32]",0.004999999999999999,100,0.00752112661741563,1.0,50,0.05,0,0.1958569578999062,0.32330708350602966,0.06066488716330998,0.5081374321880651,0.42521695429732054,0.20496422052383423,4,0.2189217209815979,0.2172782953317206,0.4104882459312839,0.3872973436699046,0.15661340816841063,20,1129,481.5257284641266,553
trial_34,34,ResNet50V2,"[128, 64]",0.22240489856152335,0.0009245138943547824,True,DenseNet121,"[128, 64]",0.22240489856152335,0.00032868287128243656,True,64,100,8,10,10,prob_concat,0,[],0.0004740283723180779,300,0.12173513479868184,1.0,30,0.19361621884291735,0,0.14013700942717278,0.2537605941941059,0.025777419916683253,0.2423146473779385,0.21817514541825656,0.18262338638305664,6,0.15916776657104492,0.1885239305679811,0.23688969258589512,0.2323750776753303,0.16274651065129786,20,902,439.8681888580322,553
trial_35,35,EfficientNetB2,"[128, 64]",0.31149171621008587,0.0003538402253535685,False,DenseNet121,[256],0.31149171621008587,0.0016939986537374931,True,64,500,10,10,5,feature_concat,0,[],0.001913599214726787,100,0.1881024327889733,1.0,30,0.18233611679838285,0,0.20268971359681998,0.33731367651140387,0.007219251336898491,0.31103074141048825,0.2789988136833576,0.23553317785263062,39,0.20703738927841187,0.23553292386301994,0.36528028933092227,0.3583752742289328,0.22831367252612145,14,1064,526.9006013870239,553
trial_36,36,EfficientNetB2,[32],0.4848757480063798,0.003295522872123526,True,DenseNet121,[64],0.4848757480063798,0.0008225352317792797,True,64,10,None,60,10,prob_concat,0,"[64, 32]",0.003180113934159702,100,0.1795788755681109,2.0,100,0.05,0,0.25053891087876934,0.3011202910276324,0.17469862060971364,0.46112115732368897,0.42389250477310186,0.2883954644203186,27,0.2937386631965637,0.2937384314213387,0.3291139240506329,0.3266968900350818,0.11903981081162507,20,1072,586.6391136646271,553
trial_37,37,EfficientNetB3,[128],0.18100349916229586,0.0028314857005505042,False,EfficientNetB0,[128],0.18100349916229586,0.0036423945273575354,False,32,200,8,10,5,feature_concat,0,[64],0.00014234816521332939,100,0.17179371063350735,1.0,50,0.41900079097063325,0,0.15957849722178274,0.3184327443947512,-0.004583728077992122,0.28028933092224234,0.24142660166573135,0.28694456815719604,38,0.27328789234161377,0.2869443710109899,0.3309222423146474,0.3366332703731078,0.29152809908898203,14,829,562.5278182029724,553
trial_38,38,EfficientNetB2,[64],0.1,0.004999999999999999,True,EfficientNetB0,[64],0.1,0.004999999999999999,True,64,10,8,10,10,prob_concat,0,[],5.84262013214196e-05,100,0.0,1.0,30,0.05,0,0.22364875574576004,0.2858311915813162,0.08380681350316033,0.3453887884267631,0.31810647512020124,0.08482593297958374,36,0.07834833860397339,0.08482559619791219,0.31645569620253167,0.2348437025087092,0.001018782694751863,12,768,364.22662138938904,553
trial_39,39,EfficientNetB0,"[128, 64]",0.5608187540831635,0.004999999999999999,False,EfficientNetB0,[32],0.5608187540831635,0.0013129941916768407,True,128,500,10,60,5,prob_concat,0,[64],0.0011200141863465561,500,0.0340395922377247,2.0,0,0.5,0,0.24022605699402766,0.3358744330045359,0.22291282225499365,0.47739602169981915,0.4331007837105398,0.2614098787307739,44,-1.0,0.26230634105107453,0.4430379746835443,0.41683664877581234,0.039393518796080884,20,652,689.9440093040466,553
trial_40,40,EfficientNetB2,[256],0.25841632756450056,0.0040193014727812025,True,DenseNet121,"[128, 32]",0.25841632756450056,0.0006773829281082405,True,64,50,20,30,5,feature_concat,0,[64],8.49514911186478e-05,300,0.10868059633417404,2.0,100,0.18771860301622934,0,0.2336355171329184,0.30035590554905234,0.13288993691678264,0.4104882459312839,0.3520684142780645,0.3048449754714966,27,0.2698414921760559,0.30470340571560406,0.379746835443038,0.37478784757308814,0.17181346879882142,18,1070,565.503892660141,553
trial_42,42,ResNet50V2,[128],0.5958999284777348,0.00010000000737253457,True,DenseNet121,"[128, 64]",0.5958999284777348,0.0003550038613832955,True,64,300,10,30,3,prob_concat,0,[128],0.0019889168045988475,300,0.17536228891146505,2.0,30,0.4999999937669287,0,0.1458968313301513,0.2822534288084939,0.18339233336704752,0.4321880650994575,0.40036893177690985,0.22158819437026978,45,0.213975727558136,0.22158792577614417,0.35985533453887886,0.3597211754213751,0.038195592409096646,20,902,645.0385589599609,553
trial_44,44,DenseNet121,[128],0.12115410534805923,0.00011339672607394891,True,EfficientNetB0,"[128, 64]",0.12115410534805923,0.0027388778730618878,False,32,500,8,80,5,feature_concat,0,[],0.00208292165474099,500,0.05404912653467512,1.0,0,0.31855415658300174,0,0.2537803345406936,0.31025266383949257,0.18242874441974366,0.3960216998191682,0.37268412363941744,0.30272144079208374,31,-1.0,0.29942850708031865,0.5226039783001808,0.47526578248383977,0.11699976266057499,14,936,474.8129835128784,553
trial_45,45,ResNet50V2,"[128, 32]",0.20312499319703559,0.0014561017442017102,False,EfficientNetB0,[64],0.20312499319703559,0.00029859915250840443,True,32,300,5,40,1,feature_concat,0,[],0.003690723717680973,100,0.041742335923287036,2.0,0,0.4016273334167673,0,0.1510005566786793,0.2922826396595195,0.17267219922579946,0.3670886075949367,0.3514788877692104,0.25078487396240234,6,-1.0,0.25398052913326297,0.3924050632911392,0.3872684736481388,0.0813083299074635,14,602,344.7445111274719,553
trial_46,46,EfficientNetB2,"[128, 64]",0.5999628198676993,0.004046445759658772,False,EfficientNetB0,[256],0.5999628198676993,0.001223189545667046,True,32,10,15,60,1,feature_concat,0,[128],0.00013658166171156752,200,0.10425489256225731,1.0,30,0.051230575722001445,0,0.1674880960146109,0.2754427077320898,0.18212438693918065,0.5316455696202531,0.40959342455993025,0.3075816035270691,19,0.26532644033432007,0.3084227706612592,0.47377938517179025,0.44684692944368903,0.12629838372207858,18,778,473.0065686702728,553
trial_48,48,EfficientNetB2,[256],0.5774404606907289,0.004999999999999999,True,EfficientNetB0,[64],0.5774404606907289,0.001894036384106159,False,32,10,15,20,1,prob_concat,0,[64],0.002063813488675479,300,0.2,2.0,0,0.40630996677761416,0,0.18904032608821164,0.31384495722063777,0.08739029330132775,0.44665461121157324,0.3814357010991762,0.1085088849067688,1,-1.0,0.10850860549298247,0.2585895117540687,0.22280469026481856,0.02111831219165472,16,774,403.64458537101746,553
trial_49,49,EfficientNetB2,[256],0.5018204827697731,0.0019791171519792593,True,MobileNetV3Large,"[128, 32]",0.5018204827697731,0.004548025377380421,True,224,300,20,10,1,prob_concat,0,"[64, 32]",0.0007339297714063374,100,0.03696237181637787,3.0,50,0.05,0,0.2029282354726143,0.3274427754039514,0.012664894095282264,0.45750452079566006,0.32905183234701746,0.24221903085708618,36,0.25161951780319214,0.2515914026810455,0.3182640144665461,0.3028726658217456,0.23892650858576325,24,736,1153.9673647880554,553
trial_50,50,EfficientNetB2,[256],0.1240813404685561,0.003121091977641158,True,EfficientNetB2,"[128, 64]",0.1240813404685561,0.002056742524204362,True,256,50,8,20,5,feature_concat,0,[64],5e-05,500,0.2,1.0,100,0.5,0,0.1940152984812087,0.29856338245505765,0.07370878472313314,0.4141048824593128,0.36811929980321273,0.15625512599945068,30,0.14884203672409058,0.15571598381661744,0.3128390596745027,0.3116089842379199,0.0820071990934843,18,906,1527.5328776836395,553
trial_51,51,DenseNet121,[256],0.4766648690721518,0.0016140239083792017,False,EfficientNetB3,[128],0.4766648690721518,0.0002767441675333989,False,64,10,20,30,1,feature_concat,0,[128],0.00026619271175251137,300,0.0,2.0,100,0.05,0,0.2016133360526401,0.2711277357527303,-0.012431714159161444,0.47920433996383366,0.35794681508967224,0.2588896155357361,38,0.2808988094329834,0.2808985418052232,0.42495479204339964,0.41096269646601485,0.29333025596438467,14,1121,637.9454946517944,553
trial_52,52,ResNet50V2,[128],0.28996496220823065,0.001253437202922835,False,EfficientNetB0,[128],0.28996496220823065,0.00020983742875904304,False,32,50,20,10,10,prob_concat,0,"[64, 32]",0.00047204034341732237,300,0.12785760256973358,2.0,30,0.05,0,0.17967107400528393,0.3223093854054969,0.05453132472501199,0.2911392405063291,0.2683286150470439,0.2643246650695801,65,0.23735105991363525,0.26432444627700546,0.29475587703435807,0.28348471592566077,0.20979312155199348,20,610,484.27328181266785,553
trial_53,53,EfficientNetB0,"[128, 32]",0.4210087925264211,0.00030503990004637354,True,EfficientNetB0,[256],0.4210087925264211,0.0003137096626240738,False,256,500,10,40,5,feature_concat,0,[],0.00485262718276561,500,0.11541789806362597,3.0,0,0.310813947415247,0,0.14140030767109157,0.3003158705019421,0.17343593917644018,0.4267631103074141,0.3892420736410506,0.17932093143463135,3,-1.0,0.1793206615298769,0.37251356238698013,0.3625928293489657,0.005884722353436733,14,644,1006.8297650814056,553
trial_54,54,MobileNetV3Large,[32],0.1371212824191497,0.0023418868630526684,True,EfficientNetB0,"[128, 32]",0.1371212824191497,0.0012230640203395688,True,32,500,5,30,5,feature_concat,0,[128],0.0008840100440429866,500,0.13467581371142398,1.0,100,0.3254835088047564,0,0.1680061739462586,0.3235706125283092,0.12389042413383089,0.35804701627486435,0.3361425456411215,0.24362605810165405,12,0.2519502639770508,0.2519500140541554,0.35443037974683544,0.3540052381947692,0.1280595899203245,18,600,442.49667167663574,553
trial_55,55,MobileNetV3Large,[128],0.29222754841331544,0.00020103572084127045,False,EfficientNetB0,[256],0.29222754841331544,0.0008789444330747084,False,32,200,8,10,3,prob_concat,0,[16],0.0002615515210340097,500,0.023748147337533065,2.0,30,0.05,0,0.15189514518062197,0.31815570816518424,0.023615096005296765,0.3435804701627486,0.28971398244770935,0.2066417932510376,16,0.19857752323150635,0.20736064416175715,0.29294755877034356,0.29072633113041574,0.18374554815646038,16,596,414.0702168941498,553
trial_56,56,MobileNetV3Large,[256],0.5263428306418635,0.0015205822468143861,False,MobileNetV3Large,[32],0.5263428306418635,0.0008438945668986582,False,256,300,20,80,3,prob_concat,0,[128],5.377019857470877e-05,300,0.11043510346839636,2.0,0,0.05,0,0.2704653496290692,0.285457724565095,0.16616405307599513,0.4701627486437613,0.38755415915667757,0.21211326122283936,6,-1.0,0.21211296976290872,0.4104882459312839,0.38481417852370675,0.04594891668691359,16,546,1266.0660853385925,553
trial_57,57,MobileNetV3Large,[128],0.11397385287615155,0.00018486377563823694,False,EfficientNetB0,[32],0.11397385287615155,0.002747421238861703,False,64,300,10,10,10,prob_concat,0,[16],0.00205763820538871,200,0.13825353075115157,3.0,100,0.05,0,0.23504206434658825,0.2922320636444289,0.008946180590854502,0.2423146473779385,0.22048391078241822,0.2578277587890625,21,0.23215365409851074,0.2578275523743194,0.29475587703435807,0.2908386775321814,0.24888137178346492,16,596,450.4095141887665,553
trial_58,58,MobileNetV3Large,"[128, 32]",0.1956104535291252,0.004403913706406368,False,EfficientNetB0,[32],0.1956104535291252,0.002103964382096403,True,128,100,10,80,3,feature_concat,0,[16],0.00039343723933961796,200,0.1798770409684681,3.0,50,0.05,0,0.2851943316257458,0.327702847662228,0.19264654058498776,0.47377938517179025,0.39794780658351603,0.31096726655960083,40,0.31764715909957886,0.3154322666578546,0.325497287522604,0.32870533809231345,0.12278572607286686,18,600,696.8281133174896,553
trial_60,60,DenseNet121,[256],0.23384382303218884,0.004999999999999999,False,EfficientNetB0,[32],0.23384382303218884,0.00014422641176189009,True,128,100,10,80,3,feature_concat,0,[],5e-05,500,0.09854958021442987,1.0,30,0.05,0,0.3051291367668878,0.33446220157295203,0.19264654058498776,0.47377938517179025,0.39794780658351603,0.2910280227661133,46,0.2753608226776123,0.2910278103304256,0.4159132007233273,0.40463367941372413,0.09838126974543782,10,930,840.0275728702545,553
trial_50,50,DenseNet121,[64],0.1,0.0001,False,DenseNet121,[128],0.1,0.004999999999999999,True,128,100,10,60,5,feature_concat,0,[64],0.004999999999999999,300,0.0,2.0,100,0.2666343727405628,0,0.2381520940484938,0.26277932061317977,0.23754539945418984,0.5009041591320073,0.4483667993611727,0.33346104621887207,13,0.2627941370010376,0.33346072436500473,0.49909584086799275,0.46538660104894464,0.09591532491081489,14,1228,666.9564774036407,553
trial_51,51,DenseNet121,"[128, 32]",0.1,0.00021593878563846568,True,DenseNet121,[64],0.1,0.004999999999999999,True,32,10,15,20,1,feature_concat,0,[32],0.004999999999999999,300,0.0,3.0,30,0.37782891612625447,0,0.24381813347513948,0.2968579485724775,0.08739029330132775,0.44665461121157324,0.3814357010991762,0.28626149892807007,3,0.24550652503967285,0.286261234971402,0.38698010849909587,0.37154436344550495,0.19887094167007424,18,1234,432.68893790245056,553
trial_52,52,EfficientNetB2,[64],0.1,0.0002928513957930514,True,DenseNet121,[64],0.1,0.004999999999999999,True,64,10,20,20,3,prob_concat,0,[],0.004999999999999999,100,0.0,1.0,30,0.05,0,0.20760403012311412,0.3170857013392727,0.06066488716330998,0.5081374321880651,0.42521695429732054,0.33553940057754517,20,0.3005253076553345,0.33553910664429365,0.488245931283906,0.4657508016910497,0.2748742194809837,12,1060,322.66159176826477,553
trial_53,53,EfficientNetB2,[32],0.1,0.003977048471042777,False,DenseNet121,[64],0.1,0.004999999999999999,True,224,10,5,20,3,prob_concat,0,[],0.0012417033276141659,500,0.007745854567293928,2.0,100,0.05,0,0.1828907445492588,0.2766776111320848,0.03603899398852617,0.28028933092224234,0.2664466226616537,0.24357926845550537,16,0.24010908603668213,0.24357903747669107,0.379746835443038,0.3699384355347058,0.2075400434881649,12,1060,973.3420059680939,553
trial_54,54,ResNet50V2,[64],0.1,0.003586449927760851,False,DenseNet121,[64],0.1,0.0007206598969657826,True,32,500,20,20,1,prob_concat,0,[128],0.0013108792316910952,300,0.009576276218474488,1.0,50,0.08486025635553193,0,0.18122269299155924,0.25780053489382126,0.08772131745026945,0.5406871609403255,0.4315291333924874,0.2286614179611206,32,0.21744292974472046,0.2286611174877463,0.38517179023508136,0.3687361938122741,0.14093980003747686,16,896,443.67095589637756,553
trial_55,55,EfficientNetB2,[64],0.1,0.002680547852348764,True,ResNet50V2,[64],0.1,0.0002031301365749716,True,256,10,5,10,3,prob_concat,0,[16],0.001818964957173254,100,0.08932316980334296,3.0,50,0.4937375804769243,0,0.16877323678172085,0.2239229188045253,0.17735455768254338,0.3435804701627486,0.3426962270358899,0.22877544164657593,21,0.2681073546409607,0.2672011261983206,0.4593128390596745,0.42526333311724246,0.08984656851577721,16,732,1581.1559653282166,553
trial_56,56,DenseNet121,[64],0.1,0.00014445898894637198,True,DenseNet121,"[128, 32]",0.1,0.0002804352425575507,True,64,100,10,60,10,feature_concat,16,[],0.00196724208085125,200,0.0,3.0,30,0.053600677452765276,0,0.1414822772583385,0.30438025126030255,0.1696836150980663,0.39783001808318263,0.3656636703080825,0.3144879937171936,20,0.32641273736953735,0.3264124283954313,0.46473779385171793,0.43476485984464713,0.156728813297365,18,1234,535.4068098068237,553
trial_57,57,EfficientNetB2,[64],0.1,0.004999999999999999,True,DenseNet121,[64],0.1,0.004999999999999999,False,64,10,20,20,3,prob_concat,0,[],0.002151575848260465,100,0.04547912556780163,1.0,30,0.05,0,0.22364875574576004,0.2848671353803993,0.06066488716330998,0.5081374321880651,0.42521695429732054,0.3323124051094055,18,0.3470332622528076,0.3470329744054208,0.49909584086799275,0.48328948299921676,0.2863680872421108,12,1060,343.4322443008423,553
trial_58,58,MobileNetV3Large,[32],0.1,0.00012314553545251104,True,DenseNet121,[32],0.1,0.00035546065420216655,True,128,50,10,60,1,prob_concat,4,[],0.0024806914558946676,500,0.0,1.0,50,0.12397220305354391,0,0.21052587509786114,0.22823149298991918,0.1763989091120094,0.5027124773960217,0.4134648800260532,0.3246278166770935,8,0.3118652105331421,0.3223019765749888,0.38517179023508136,0.3843391548714225,0.14590306746297943,12,882,508.27367210388184,553
trial_59,59,EfficientNetB2,[32],0.1,0.00031366314573071986,False,DenseNet121,[64],0.1,0.0017177909889616646,True,64,10,20,40,3,feature_concat,32,"[64, 32]",0.001771280228965753,500,0.0,2.0,50,0.129304538834021,0,0.21740990620371892,0.3022023938339631,-0.0037982983623336963,0.4177215189873418,0.3566789828393204,0.2774064540863037,22,0.31653618812561035,0.31636095683523335,0.3960216998191682,0.37967679494479195,0.32015925519756705,22,1076,534.6011273860931,553
trial_60,60,ResNet50V2,[64],0.1,0.0022147656156248424,True,DenseNet121,"[128, 32]",0.1,0.004999999999999999,True,64,100,20,20,10,prob_concat,16,[],0.0017310057793568795,100,0.0,3.0,30,0.18508478159184766,0,0.14724170521812663,0.297413865159899,0.09261209030123208,0.40325497287522605,0.3652156731546534,0.26787686347961426,17,0.27652257680892944,0.2757551439668733,0.42495479204339964,0.41586236624389156,0.1831430536656412,16,896,418.6454527378082,553
trial_61,61,DenseNet121,[32],0.1,0.0013289664645542304,True,DenseNet121,"[128, 32]",0.1,0.0010756770144457132,False,64,200,20,60,3,prob_concat,64,[32],0.002587828136699692,500,0.0,1.0,30,0.05,0,0.2518682356983336,0.30006855868548143,0.12619775911310904,0.4593128390596745,0.38077856115060754,0.2344701886177063,34,0.2457323670387268,0.24573213657162962,0.3887884267631103,0.37766319943535137,0.11953437745852058,20,1236,544.3264904022217,553
trial_62,62,DenseNet121,"[128, 32]",0.1,0.0003855770389703438,True,EfficientNetB0,"[128, 64]",0.1,0.0005006601152987996,False,224,200,3,80,3,prob_concat,16,"[64, 32]",0.0009146137076947053,500,0.2,3.0,50,0.05,0,0.2039786547762904,0.3085053674649051,0.07662572336970186,0.2965641952983725,0.2834354606591059,0.17131644487380981,45,0.1873970627784729,0.19211004475446025,0.27486437613019893,0.2789089079077506,0.11548432138475839,28,956,1542.9165620803833,553
trial_63,63,MobileNetV3Large,[64],0.13054342274228065,0.0014387350661965405,False,EfficientNetB0,[32],0.13054342274228065,0.0009858283895277044,True,128,500,15,80,3,feature_concat,32,[16],0.00020611105850643974,300,0.17322155066453196,1.0,50,0.05,0,0.279603175486845,0.3317466322005759,0.16825241241782574,0.4593128390596745,0.38289646040033953,0.31655049324035645,62,0.3018060326576233,0.3151925959721046,0.3092224231464738,0.31085735729698577,0.14694018355427885,18,600,602.8547260761261,553
trial_64,64,EfficientNetB2,[32],0.1,0.00016112842043722046,True,DenseNet121,[64],0.1,0.004999999999999999,False,64,10,20,80,3,prob_concat,32,[16],0.002984476575247763,100,0.02061355197469822,2.0,50,0.21077984117034482,0,0.22257684562483382,0.2848671353803993,0.12607304954675902,0.484629294755877,0.3864752118526429,0.27484363317489624,15,0.2723909616470337,0.27484333336704325,0.4267631103074141,0.4054459306747913,0.14877028382028423,16,1066,376.9675929546356,553
trial_65,65,DenseNet121,[32],0.1,0.0003562798832214045,True,DenseNet121,[256],0.1,0.0020845094687902284,True,256,10,20,20,10,feature_concat,16,[],0.0016980513089819925,200,0.0,1.0,30,0.05,0,0.19528706675409235,0.269888338184456,0.09897203121759823,0.38155515370705245,0.3690610060870579,0.2573099136352539,8,0.2563202977180481,0.2573096993290813,0.38517179023508136,0.3754670207126692,0.1583376681114831,14,1228,1637.461733341217,553
trial_66,66,DenseNet121,"[128, 32]",0.1,0.0004936604898319933,True,EfficientNetB0,[256],0.1,0.00032272111132849936,False,64,200,10,80,1,prob_concat,16,"[64, 32]",0.0003409867082680285,200,0.14468755074651724,2.0,50,0.1174690892038013,0,0.18306732383982094,0.27536834031129154,0.13775833230961132,0.49547920433996384,0.4071526572102344,0.19303113222122192,16,0.1831795573234558,0.19312045081004947,0.33815551537070526,0.3310758629290442,0.05536211850043815,24,950,440.77861499786377,553
trial_67,67,EfficientNetB0,[128],0.1,0.00026237207592477843,True,DenseNet121,[32],0.1,0.004999999999999999,False,256,100,10,10,5,feature_concat,16,[16],0.004999999999999999,200,0.0,3.0,100,0.05,0,0.1847818942663716,0.2747104844159861,0.027393967000708508,0.29294755877034356,0.26557379255580454,0.29949527978897095,7,0.22149723768234253,0.2994949679658746,0.4412296564195298,0.42655634092942957,0.2721010009651661,18,942,1107.9107120037079,553
trial_68,68,EfficientNetB0,[256],0.1,0.00022641647750893125,True,DenseNet121,"[128, 32]",0.1,0.00032916037309406324,True,64,10,3,20,5,prob_concat,16,[64],0.001796413197037762,300,0.0,3.0,30,0.1939616882363941,0,0.216782962828461,0.30200358260714366,0.13004547954603263,0.31464737793851716,0.3087429784288749,0.2625120282173157,29,0.2400989532470703,0.26349882603125985,0.49909584086799275,0.45425616704838095,0.13345334648522722,20,944,549.5819063186646,553
trial_69,69,EfficientNetB2,"[128, 64]",0.27847559348765205,0.001526184546793166,True,EfficientNetB0,[256],0.27847559348765205,0.0012149989715891831,True,32,100,3,10,5,feature_concat,0,"[64, 32]",5e-05,200,0.2,2.0,30,0.36601580398332034,0,0.18183868848978613,0.26382071171806487,0.10147926645320071,0.2585895117540687,0.23438712830844874,0.15099221467971802,25,0.13293057680130005,0.15099186606431625,0.32368896925858953,0.3203073246817989,0.04951259961111554,22,784,429.97544407844543,553
trial_70,70,ResNet50V2,[64],0.1,0.0003609024855899864,True,EfficientNetB0,[32],0.1,0.0009975962442026354,False,128,50,10,80,3,prob_concat,16,"[64, 32]",0.00027879650909607594,500,0.2,1.0,50,0.4391830034112546,0,0.2805760390223877,0.32480601225339234,0.15451483121952025,0.45207956600361665,0.37534759786027627,0.16284841299057007,14,0.16846096515655518,0.16846067909503415,0.3037974683544304,0.2987261052811741,0.013945847875513895,20,610,495.388573884964,553
trial_71,71,EfficientNetB0,[32],0.37463101945759547,0.00361448116843782,False,EfficientNetB0,[256],0.37463101945759547,0.003324871597463025,True,256,500,20,20,1,prob_concat,16,[128],0.0002534421094015032,300,0.13189736992942094,2.0,100,0.33447430649416815,0,0.21819993114410652,0.3146781944913134,0.08772131745026945,0.5406871609403255,0.4315291333924874,0.11851739883422852,2,0.14743894338607788,0.14743858110218433,0.39421338155515373,0.38051478476606587,0.059717263651914876,16,646,1362.5453581809998,553
trial_72,72,MobileNetV3Large,"[128, 32]",0.1,0.0011785099118479215,True,DenseNet121,"[128, 32]",0.1,0.0002678883297593014,True,32,50,3,60,3,prob_concat,16,[],0.000966199884414529,200,0.0,2.0,30,0.17730957906215988,0,0.1420965048365137,0.2882652731247334,0.14214172765270516,0.325497287522604,0.31502147220710097,0.2812277674674988,41,0.30020827054977417,0.3008695843364886,0.33634719710669075,0.3420166980127574,0.15872785668378342,20,894,482.95015501976013,553
trial_73,73,EfficientNetB0,[256],0.1,0.00020792533199066114,True,DenseNet121,[32],0.1,0.0004476269516868256,True,64,100,15,20,3,prob_concat,0,[32],0.0011718940858555418,300,0.0,1.0,50,0.20683097763323877,0,0.22835512662434854,0.3163873735314233,0.06520970426653105,0.4972875226039783,0.4209432676823981,0.2911224365234375,37,0.274153470993042,0.2911222303414621,0.38698010849909587,0.3814276358154783,0.22591252607493106,16,938,499.6324336528778,553
trial_74,74,DenseNet121,"[128, 32]",0.1,0.0004751779507823469,True,DenseNet121,[128],0.1,0.0005400589509480412,True,128,300,10,80,3,feature_concat,0,[],0.0017164889122901776,500,0.0,2.0,30,0.05,0,0.264304651875634,0.2812885608101695,0.19280576709616304,0.4376130198915009,0.3752261678023177,0.3293887972831726,26,0.31422150135040283,0.32938843794534967,0.5641952983725136,0.49288870477768576,0.13658267084918663,14,1228,729.7238562107086,553
trial_75,75,DenseNet121,[32],0.1,0.00016050670530290683,True,DenseNet121,[128],0.1,0.0016679662196365525,False,128,200,10,60,5,prob_concat,4,[16],0.004999999999999999,200,0.0,3.0,30,0.05,0,0.22660753321531846,0.27319330767026695,0.21910746172754647,0.45207956600361665,0.41556853349306183,0.2694898247718811,27,0.23294031620025635,0.26948958571755544,0.4159132007233273,0.41264287696663543,0.050382123990008965,16,1230,732.7872605323792,553
trial_76,76,DenseNet121,[256],0.1,0.0014813004397092296,False,DenseNet121,[64],0.1,0.000817213966255121,False,64,50,20,10,10,feature_concat,8,[16],0.004999999999999999,100,0.0,1.0,50,0.2226167871653164,0,0.2540281282006446,0.2727703629786703,0.05453132472501199,0.2911392405063291,0.2683286150470439,0.27176785469055176,5,0.2781410217285156,0.27824424017811655,0.4484629294755877,0.4183926562821691,0.22371291545310457,18,1234,493.56477904319763,553
trial_77,77,EfficientNetB0,[128],0.1,0.0032586532691653803,False,DenseNet121,[128],0.1,0.004999999999999999,False,128,10,20,60,1,prob_concat,4,[],0.0022321601361616787,500,0.0,2.0,100,0.05,0,0.19470085005417204,0.3083410100283851,0.09677640201083659,0.4719710669077758,0.35628679962013293,0.21327811479568481,3,0.18448084592819214,0.21327780331241586,0.3887884267631103,0.37347276321763995,0.11650140130157927,12,932,550.7044751644135,553
trial_78,78,EfficientNetB0,[32],0.1,0.0041721818549900645,False,DenseNet121,"[128, 64]",0.1,0.0010064106585980761,True,32,10,5,60,5,prob_concat,8,"[64, 32]",0.004999999999999999,500,0.0,3.0,100,0.33731042139832756,0,0.2201486623235701,0.2566652031476916,0.1385127281685108,0.3291139240506329,0.30097801184068834,0.23051977157592773,13,0.18842309713363647,0.23051948051948057,0.37613019891500904,0.34963586852009515,0.09200675235096978,24,950,528.2044432163239,553
trial_79,79,EfficientNetB2,[256],0.1,0.00014708043684969358,True,DenseNet121,[256],0.1,0.00018276020538314026,False,224,300,15,40,1,prob_concat,32,[64],0.0029881699211209006,300,0.0,3.0,100,0.05,0,0.17050826186990165,0.21757980792415244,0.15936914682808978,0.484629294755877,0.39609346476816354,0.18502557277679443,10,0.16679227352142334,0.1850251617819415,0.47377938517179025,0.4193459873283388,0.025656014953851725,16,1066,1160.2523324489594,553
trial_80,80,ResNet50V2,[32],0.1,0.002660044721430352,False,DenseNet121,[256],0.1,0.001345881999678257,False,128,200,10,20,10,feature_concat,16,[64],0.004999999999999999,500,0.0,3.0,100,0.16450996667552586,0,0.2167220992330371,0.26565696443311915,0.021447293144050916,0.379746835443038,0.3488702397641803,0.28294605016708374,16,0.3302624225616455,0.33314543404735064,0.4918625678119349,0.4634770784770785,0.3116981409032997,18,900,755.8106043338776,553
trial_81,81,MobileNetV3Large,"[128, 64]",0.23575590569312213,0.0025459115918803235,True,EfficientNetB0,"[128, 64]",0.23575590569312213,0.001082234657290232,True,224,300,3,60,5,feature_concat,16,[16],0.0002841782625108793,300,0.1060885666539288,1.0,50,0.13367187593291371,0,0.2619354188028441,0.3242283878776593,0.08172240245406459,0.298372513562387,0.28422494725785374,0.22102367877960205,12,0.19851446151733398,0.22102340584074232,0.28933092224231466,0.2895112053403511,0.13930100338667772,26,612,1043.5816750526428,553
trial_82,82,MobileNetV3Large,[64],0.35513767177613953,0.00014989796310736206,False,EfficientNetB0,[128],0.35513767177613953,0.003217204613299719,True,32,50,10,20,1,prob_concat,0,[16],0.0002830328894971184,200,0.032504081922932984,3.0,100,0.08006687355392078,0,0.17239469482267966,0.28616264648561085,0.09464091088282356,0.4755877034358047,0.37823341005597516,0.22230744361877441,20,0.2079756259918213,0.22313233956235068,0.4104882459312839,0.3827736435248341,0.12849142867952712,16,596,395.69004940986633,553
trial_83,83,EfficientNetB2,[64],0.216819203572157,0.001970111226829286,False,DenseNet121,[256],0.216819203572157,0.002356845078108936,True,32,50,None,10,5,prob_concat,32,"[64, 32]",0.002566580730726006,100,0.08644294745838313,1.0,30,0.36766670855983274,0,0.16274989919920113,0.2803645981826548,0.057845205257179955,0.33815551537070526,0.2984067552071123,0.28078728914260864,32,0.2701180577278137,0.2807870956844861,0.3435804701627486,0.3293859726927874,0.22294189042730617,20,1072,563.9503376483917,553
trial_84,84,EfficientNetB2,[64],0.1,0.001199133705765085,False,DenseNet121,"[128, 32]",0.1,0.004999999999999999,False,128,100,3,20,1,feature_concat,4,[32],0.0024960771601840394,200,0.0,1.0,100,0.05,0,0.25131268655816996,0.26387281874204305,0.11336884883451592,0.3345388788426763,0.31349629535269313,0.2683180570602417,14,0.2817652225494385,0.2808242271666147,0.43037974683544306,0.41159660395299413,0.16745537833209878,22,1076,747.0772459506989,553
trial_85,85,MobileNetV3Large,"[128, 32]",0.10329795449207066,0.0020687730962798793,False,EfficientNetB0,"[128, 64]",0.10329795449207066,0.0009472698398809458,False,128,50,None,10,3,feature_concat,32,[16],0.0007822759463620559,500,0.19920162450661205,1.0,30,0.4868654051102361,0,0.24611734578594568,0.30633378673232137,-0.023099998954751122,0.33815551537070526,0.29350289776860083,0.3048643469810486,19,0.31864041090011597,0.31880069721846815,0.35443037974683544,0.3592323937583401,0.3419006961732193,26,612,594.1888701915741,553
trial_86,86,MobileNetV3Large,"[128, 32]",0.1,0.0022956903453100466,True,EfficientNetB0,[128],0.1,0.0035262164249753995,False,64,50,None,40,3,prob_concat,32,[16],0.0004862052290064374,100,0.2,3.0,50,0.23614664815529346,0,0.22547811629510184,0.28376853979527883,0.15010128543436752,0.5189873417721519,0.447408838214472,0.23598873615264893,7,0.23695796728134155,0.23695766941831442,0.3688969258589512,0.36643076438678235,0.0868563839839469,20,602,390.50609374046326,553
trial_87,87,EfficientNetB2,[256],0.41781687051889804,0.0009455113477819479,False,EfficientNetB0,"[128, 64]",0.41781687051889804,0.0014774358074007878,False,224,50,None,10,5,prob_concat,32,[16],0.0002051931045178001,100,0.19290634171242427,1.0,30,0.213220305287387,0,0.19868666553587433,0.32464192250330637,0.057845205257179955,0.33815551537070526,0.2984067552071123,0.17654001712799072,19,0.16031897068023682,0.17653970694939292,0.32007233273056057,0.31709615311089173,0.11869450169221296,20,780,1288.4605431556702,553
trial_88,88,ResNet50V2,"[128, 64]",0.35428473914049663,0.00018495308498236881,False,DenseNet121,"[128, 64]",0.35428473914049663,0.00010599635555022605,False,32,50,10,40,1,prob_concat,8,"[64, 32]",0.0013071319117400845,100,0.01635798226631444,1.0,50,0.22795509817374093,0,0.09918296481642241,0.24710804824021648,0.1594816972208306,0.45569620253164556,0.3960691435115988,0.13755875825881958,10,0.1268535852432251,0.13755840474766934,0.352622061482821,0.34163747363518776,-0.02192329247316127,28,914,495.47826194763184,553
trial_89,89,MobileNetV3Large,[32],0.1999784254250255,0.00025723835117555393,True,DenseNet121,[64],0.1999784254250255,0.0028010138033051964,True,64,50,None,40,10,feature_concat,4,"[64, 32]",0.0012992766089178363,200,0.1790623986891019,2.0,30,0.22943959358190447,0,0.19216913492243626,0.32531152086162607,0.08355379262819973,0.3960216998191682,0.3608388083711907,0.20783817768096924,42,0.20255506038665771,0.20783802274865304,0.3182640144665461,0.3146042683817343,0.12428423012045331,22,898,527.2232208251953,553
trial_90,90,EfficientNetB0,"[128, 64]",0.1,0.004052793741370834,False,EfficientNetB0,"[128, 64]",0.1,0.0018374483097589433,False,128,100,None,60,1,feature_concat,32,[16],0.00042431665370279295,300,0.1834170129523337,2.0,0,0.2369067943902443,0,0.17581984961222008,0.29190757598338146,0.2242571336324467,0.620253164556962,0.46992397660818713,0.25433439016342163,37,-1.0,0.2543342299223087,0.27486437613019893,0.2805977605512489,0.030077096289861993,26,662,542.2091698646545,553
trial_91,91,DenseNet121,[32],0.1,0.0005261846649691009,True,EfficientNetB0,"[128, 64]",0.1,0.0004943511056900863,False,64,200,None,10,1,prob_concat,4,[16],0.00034091180351012725,500,0.16426374014811476,3.0,30,0.1874983242911299,0,0.2055000591585957,0.28511703385867915,-0.035230664668778555,0.41952983725135623,0.30933276736709564,0.2059749960899353,30,0.22337287664413452,0.22337260645537393,0.27124773960216997,0.2747577843471506,0.2586032711241525,20,944,547.2607498168945,553
trial_92,92,ResNet50V2,"[128, 64]",0.1,0.0015350256378218743,False,EfficientNetB0,[32],0.1,0.0002563325185936688,False,64,200,20,60,3,prob_concat,16,[64],0.0002837967517773326,500,0.2,3.0,50,0.14965761227958563,0,0.13117056615852962,0.28900777187132143,0.12619775911310904,0.4593128390596745,0.38077856115060754,0.17877596616744995,5,0.21536743640899658,0.2146425800493439,0.352622061482821,0.3516287211555856,0.08844482093623485,20,610,410.555114030838,553
trial_93,93,EfficientNetB2,"[128, 64]",0.11023898223466075,0.00047987528014696107,False,DenseNet121,[64],0.11023898223466075,0.0013405332411929815,True,64,50,10,60,10,prob_concat,0,[],0.0023306464869726055,500,0.0,3.0,30,0.1904465548568009,0,0.22479848966164362,0.2914278793133125,0.14816060485796723,0.3779385171790235,0.35004042801694096,0.25705355405807495,7,0.2689366340637207,0.2689363646749686,0.4412296564195298,0.40790528088570693,0.1207757598170014,16,1066,567.078551530838,553
trial_94,94,DenseNet121,[32],0.11253761941394512,0.0012985145183529844,False,DenseNet121,[64],0.11253761941394512,0.0020683151406182265,False,64,50,10,60,5,feature_concat,8,[32],0.004999999999999999,100,0.0034347045683054134,3.0,0,0.27891008478699625,0,0.19542654573616303,0.28706647784962325,0.2507604410367187,0.4448462929475588,0.3975491405543219,0.23718464374542236,4,-1.0,0.23718435169436092,0.42495479204339964,0.4021872285400363,-0.013576089342357767,18,1234,500.9940218925476,553
trial_95,95,EfficientNetB2,[32],0.1,0.0017989782413191724,False,DenseNet121,"[128, 32]",0.1,0.00020135216353830304,False,224,200,10,40,10,prob_concat,0,"[64, 32]",0.004999999999999999,200,0.0,2.0,50,0.4267742348522022,0,0.19229664639900224,0.2562097827664618,0.13590331896040175,0.37613019891500904,0.34836447807369275,0.190823495388031,5,0.14154529571533203,0.19082311625901038,0.4972875226039783,0.4479093471859734,0.05491979729860863,24,1078,1169.4313113689423,553
trial_96,96,DenseNet121,"[128, 64]",0.1,0.0004291917479231005,False,DenseNet121,[128],0.1,0.00043129612837649575,True,32,50,20,10,3,feature_concat,16,[],0.0006607406501626022,100,0.03229446744667382,1.0,100,0.05,0,0.2569678555649032,0.27701140458991846,-0.027601090805037698,0.32368896925858953,0.2837888894654206,0.3238629698753357,17,0.31672805547714233,0.3238628121438194,0.4104882459312839,0.40587128788290666,0.3514639029488571,18,1234,544.7129712104797,553
trial_97,97,ResNet50V2,[64],0.37872578789007105,0.0001767638018527585,False,DenseNet121,"[128, 64]",0.37872578789007105,0.004999999999999999,False,128,500,20,20,3,prob_concat,4,[64],0.0006957702625745005,100,0.0,1.0,100,0.31241643022085036,0,0.27202252532270454,0.29614656993876076,0.07275643362251227,0.488245931283906,0.4033710597822561,0.23483169078826904,7,0.21764087677001953,0.23390017628519033,0.4430379746835443,0.4117975036576011,0.16114374266267806,20,902,646.0122935771942,553
trial_98,98,EfficientNetB0,"[128, 64]",0.1,0.0036007042646775175,False,DenseNet121,[128],0.1,0.004363920230195243,True,32,50,20,80,5,feature_concat,16,[64],0.0021906880824829004,100,0.0,1.0,100,0.12287497468635597,0,0.180849649619234,0.26325606181721295,0.28661647765562115,0.46473779385171793,0.4172740101627002,0.30528736114501953,11,0.3085448145866394,0.3085446172130335,0.4213381555153707,0.41519169996542815,0.02192813955741235,22,948,495.0471496582031,553
trial_99,99,DenseNet121,"[128, 32]",0.1,0.00018002561694593138,True,DenseNet121,"[128, 64]",0.1,0.0002791706271305532,True,64,100,15,10,3,feature_concat,0,"[64, 32]",0.00045464966958389663,100,0.0,2.0,50,0.33608397010000624,0,0.18109713039410513,0.253974942317037,-0.007721781216198931,0.3833634719710669,0.3240842261847513,0.2947455048561096,14,0.28135907649993896,0.2947452822445721,0.4050632911392405,0.3921428922756944,0.302467063460771,26,1246,663.3707947731018,553
TOP10_1_fold1,0,EfficientNetB2,[64],0.1,0.0003030496723335722,True,DenseNet121,[64],0.1,0.004999999999999999,True,64,10,20,20,3,prob_concat,0,[],0.002446078102582483,100,0.0,1.0,30,0.05,0,0.23692137254709167,0.3170857013392727,0.06066488716330998,0.5081374321880651,0.42521695429732054,0.33741724491119385,19,0.33219969272613525,0.33741695330537613,0.4972875226039783,0.46936026936026937,0.27675206614206616,12,1060,302.65528297424316,553
TOP10_1_fold2,0,EfficientNetB2,[64],0.1,0.0003030496723335722,True,DenseNet121,[64],0.1,0.004999999999999999,True,64,10,20,20,3,prob_concat,0,[],0.002446078102582483,100,0.0,1.0,30,0.05,1,0.22755831386632264,0.28992023205221173,0.2429617090932764,0.5698529411764706,0.5105031875905591,0.2627379298210144,16,0.28598523139953613,0.2896595474730388,0.4681372549019608,0.44181769033683566,0.04669783837976238,12,1060,587.3252551555634,816
TOP10_1_fold3,0,EfficientNetB2,[64],0.1,0.0003030496723335722,True,DenseNet121,[64],0.1,0.004999999999999999,True,64,10,20,20,3,prob_concat,0,[],0.002446078102582483,100,0.0,1.0,30,0.05,2,0.26868340350330067,0.2506096147890804,0.25619433970763195,0.5256222547584187,0.5072272452767779,0.23103517293930054,7,0.25768381357192993,0.25768355947965804,0.3806734992679356,0.38588006450848544,0.0014892197720260958,12,1060,608.3045184612274,683
TOP10_1_fold4,0,EfficientNetB2,[64],0.1,0.0003030496723335722,True,DenseNet121,[64],0.1,0.004999999999999999,True,64,10,20,20,3,prob_concat,0,[],0.002446078102582483,100,0.0,1.0,30,0.05,3,0.3274149864580199,0.3941185163292449,0.2052214144084601,0.41774193548387095,0.4049532330047562,0.42365163564682007,6,0.41919630765914917,0.42365137937093655,0.5290322580645161,0.4903847320840639,0.21842996496247646,12,1060,601.4136078357697,620
TOP10_1_fold5,0,EfficientNetB2,[64],0.1,0.0003030496723335722,True,DenseNet121,[64],0.1,0.004999999999999999,True,64,10,20,20,3,prob_concat,0,[],0.002446078102582483,100,0.0,1.0,30,0.05,4,0.21353782133029053,0.2994282724860806,0.33166434614972684,0.5298165137614679,0.5130440384592009,0.3427162170410156,6,0.3184337019920349,0.34271595262974575,0.4954128440366973,0.4776072784153804,0.011051606480018905,12,1060,570.5023806095123,436
TOP10_2_fold1,0,DenseNet121,[64],0.1,0.0001,False,DenseNet121,[128],0.1,0.004999999999999999,True,128,100,10,60,5,feature_concat,0,[64],0.004999999999999999,300,0.0,2.0,100,0.2666343727405628,0,0.2381520940484938,0.26277932061317977,0.23754539945418984,0.5009041591320073,0.4483667993611727,0.29264795780181885,13,0.29974913597106934,0.2969695531455421,0.44665461121157324,0.42170701823122764,0.05942415369135223,14,1228,324.5207517147064,553
TOP10_2_fold2,0,DenseNet121,[64],0.1,0.0001,False,DenseNet121,[128],0.1,0.004999999999999999,True,128,100,10,60,5,feature_concat,0,[64],0.004999999999999999,300,0.0,2.0,100,0.2666343727405628,1,0.2876100013968431,0.30583386895534814,0.3096796417499139,0.6017156862745098,0.5086729569785868,0.3400759696960449,17,0.31957995891571045,0.34007559505567464,0.5747549019607843,0.5289114997350292,0.030395953305760726,14,1228,882.5467240810394,816
TOP10_2_fold3,0,DenseNet121,[64],0.1,0.0001,False,DenseNet121,[128],0.1,0.004999999999999999,True,128,100,10,60,5,feature_concat,0,[64],0.004999999999999999,300,0.0,2.0,100,0.2666343727405628,2,0.25333877218029766,0.23493855973365896,0.34344505781710166,0.5358711566617862,0.5175268300720898,0.3141965866088867,16,0.3401985168457031,0.3410488757293102,0.4128843338213763,0.41527178955795147,-0.0023961820877914652,14,1228,789.8618478775024,683
TOP10_2_fold4,0,DenseNet121,[64],0.1,0.0001,False,DenseNet121,[128],0.1,0.004999999999999999,True,128,100,10,60,5,feature_concat,0,[64],0.004999999999999999,300,0.0,2.0,100,0.2666343727405628,3,0.35693306538877734,0.41702065328841365,0.24309712299671749,0.4403225806451613,0.41245797770485776,0.46571874618530273,23,0.41347986459732056,0.4657184536834428,0.614516129032258,0.5725110286146279,0.2226213306867253,14,1228,933.5373764038086,620
TOP10_2_fold5,0,DenseNet121,[64],0.1,0.0001,False,DenseNet121,[128],0.1,0.004999999999999999,True,128,100,10,60,5,feature_concat,0,[64],0.004999999999999999,300,0.0,2.0,100,0.2666343727405628,4,0.1661916904154792,0.2996570617683,0.3284673748103186,0.5963302752293578,0.5058301628122638,0.39848077297210693,60,0.3128735423088074,0.3984804052252734,0.5871559633027523,0.5432261384100849,0.07001303041495477,14,1228,1083.5581982135773,436
TOP10_3_fold1,0,ResNet50V2,[32],0.1,0.002660044721430352,False,DenseNet121,[256],0.1,0.001345881999678257,False,128,200,10,20,10,feature_concat,16,[64],0.004999999999999999,500,0.0,3.0,100,0.16450996667552586,0,0.2167220992330371,0.26565696443311915,0.021447293144050916,0.379746835443038,0.3488702397641803,0.27859199047088623,9,0.32400625944137573,0.32302052443551965,0.4665461121157324,0.4468713185831216,0.30157323129146874,18,900,355.1774392127991,553
TOP10_3_fold2,0,ResNet50V2,[32],0.1,0.002660044721430352,False,DenseNet121,[256],0.1,0.001345881999678257,False,128,200,10,20,10,feature_concat,16,[64],0.004999999999999999,500,0.0,3.0,100,0.16450996667552586,1,0.2531287377111351,0.26475864362789736,0.21360544217687072,0.48651960784313725,0.4597163484130036,0.3251534104347229,11,0.32241201400756836,0.32429186049051073,0.5232843137254902,0.4636948430385898,0.11068641831364001,18,900,683.786322593689,816
TOP10_3_fold3,0,ResNet50V2,[32],0.1,0.002660044721430352,False,DenseNet121,[256],0.1,0.001345881999678257,False,128,200,10,20,10,feature_concat,16,[64],0.004999999999999999,500,0.0,3.0,100,0.16450996667552586,2,0.2653862481111553,0.24804056791811113,0.3082923325552164,0.5168374816983895,0.5180388542975347,0.29372936487197876,27,0.334250271320343,0.33425005656994666,0.4890190336749634,0.48974051422460135,0.025957724014730288,18,900,755.1455280780792,683
TOP10_3_fold4,0,ResNet50V2,[32],0.1,0.002660044721430352,False,DenseNet121,[256],0.1,0.001345881999678257,False,128,200,10,20,10,feature_concat,16,[64],0.004999999999999999,500,0.0,3.0,100,0.16450996667552586,3,0.3298853159433327,0.3336301573167112,0.28205128205128205,0.4629032258064516,0.463127041113141,0.4286169409751892,11,0.4213566184043884,0.428616650838873,0.5241935483870968,0.5126957781973392,0.14656536878759097,18,900,696.5780301094055,620
TOP10_3_fold5,0,ResNet50V2,[32],0.1,0.002660044721430352,False,DenseNet121,[256],0.1,0.001345881999678257,False,128,200,10,20,10,feature_concat,16,[64],0.004999999999999999,500,0.0,3.0,100,0.16450996667552586,4,0.18971584411014342,0.2575681130171543,0.18784110863271797,0.44495412844036697,0.41701177581030774,0.3527982234954834,55,0.3406047821044922,0.3527979495941904,0.4793577981651376,0.48281225991216187,0.16495684096147245,18,900,824.2042303085327,436
TOP10_4_fold1,0,DenseNet121,"[128, 32]",0.1,0.0004751779507823469,True,DenseNet121,[128],0.1,0.0005400589509480412,True,128,300,10,80,3,feature_concat,0,[],0.0017164889122901776,500,0.0,2.0,30,0.05,0,0.264304651875634,0.2812885608101695,0.19280576709616304,0.4376130198915009,0.3752261678023177,0.34418612718582153,5,0.3150824308395386,0.34418574486023745,0.5913200723327305,0.49840161692580126,0.1513799777640744,14,1228,272.4117019176483,553
TOP10_4_fold2,0,DenseNet121,"[128, 32]",0.1,0.0004751779507823469,True,DenseNet121,[128],0.1,0.0005400589509480412,True,128,300,10,80,3,feature_concat,0,[],0.0017164889122901776,500,0.0,2.0,30,0.05,1,0.2783565378249441,0.28880850665751967,0.3824045855450381,0.6433823529411765,0.6189618327511939,0.33791297674179077,23,0.34763187170028687,0.34763143307892375,0.6029411764705882,0.5325863354334195,-0.03477315246611434,14,1228,874.6846926212311,816
TOP10_4_fold3,0,DenseNet121,"[128, 32]",0.1,0.0004751779507823469,True,DenseNet121,[128],0.1,0.0005400589509480412,True,128,300,10,80,3,feature_concat,0,[],0.0017164889122901776,500,0.0,2.0,30,0.05,2,0.26925100341070984,0.24723347671658302,0.34614466871548377,0.5871156661786238,0.5669619244435286,0.3222225308418274,32,0.3017083406448364,0.3222223238457599,0.4699853587115666,0.463976184101603,-0.02392234486972389,14,1228,951.4823987483978,683
TOP10_4_fold4,0,DenseNet121,"[128, 32]",0.1,0.0004751779507823469,True,DenseNet121,[128],0.1,0.0005400589509480412,True,128,300,10,80,3,feature_concat,0,[],0.0017164889122901776,500,0.0,2.0,30,0.05,3,0.38081936685288653,0.38891313836752506,0.29669030732860524,0.43870967741935485,0.410642744471213,0.4251058101654053,11,0.4194982647895813,0.4251054852320675,0.5693548387096774,0.5280188200521702,0.12841517790346224,14,1228,854.1268632411957,620
TOP10_4_fold5,0,DenseNet121,"[128, 32]",0.1,0.0004751779507823469,True,DenseNet121,[128],0.1,0.0005400589509480412,True,128,300,10,80,3,feature_concat,0,[],0.0017164889122901776,500,0.0,2.0,30,0.05,4,0.23213058419244004,0.3140314292098012,0.26101694915254237,0.5848623853211009,0.5140337071283363,0.32736504077911377,31,0.29994338750839233,0.32736469398077894,0.5091743119266054,0.4883734864961642,0.06634774482823658,14,1228,883.9632108211517,436
TOP10_5_fold1,0,DenseNet121,[64],0.1,0.00014445898894637198,True,DenseNet121,"[128, 32]",0.1,0.0002804352425575507,True,64,100,10,60,10,feature_concat,16,[],0.00196724208085125,200,0.0,3.0,30,0.053600677452765276,0,0.1414822772583385,0.30438025126030255,0.1696836150980663,0.39783001808318263,0.3656636703080825,0.3139827251434326,13,0.3155757188796997,0.3155754427005413,0.4394213381555154,0.42703442233637706,0.145891827602475,18,1234,240.30442595481873,553
TOP10_5_fold2,0,DenseNet121,[64],0.1,0.00014445898894637198,True,DenseNet121,"[128, 32]",0.1,0.0002804352425575507,True,64,100,10,60,10,feature_concat,16,[],0.00196724208085125,200,0.0,3.0,30,0.053600677452765276,1,0.24476399599079957,0.22353016646887136,0.29184549356223166,0.5343137254901961,0.48844640920529586,0.32792937755584717,17,0.347329318523407,0.34732897403540974,0.4730392156862745,0.44628581490705105,0.05548348047317808,18,1234,722.3060669898987,816
TOP10_5_fold3,0,DenseNet121,[64],0.1,0.00014445898894637198,True,DenseNet121,"[128, 32]",0.1,0.0002804352425575507,True,64,100,10,60,10,feature_concat,16,[],0.00196724208085125,200,0.0,3.0,30,0.053600677452765276,2,0.2725160247892593,0.2601899099354169,0.31325567617633066,0.4743777452415813,0.4615592528436565,0.3431689739227295,20,0.37004315853118896,0.37004297061878544,0.45241581259150804,0.46465209742240593,0.05678729444245478,18,1234,690.1637313365936,683
TOP10_5_fold4,0,DenseNet121,[64],0.1,0.00014445898894637198,True,DenseNet121,"[128, 32]",0.1,0.0002804352425575507,True,64,100,10,60,10,feature_concat,16,[],0.00196724208085125,200,0.0,3.0,30,0.053600677452765276,3,0.3296013107591481,0.34710285555863607,0.27714696945466166,0.4790322580645161,0.4761299666612013,0.42827993631362915,9,0.42807918787002563,0.4278438030560272,0.5338709677419354,0.5055971902267065,0.15069683360136554,18,1234,744.3303968906403,620
TOP10_5_fold5,0,DenseNet121,[64],0.1,0.00014445898894637198,True,DenseNet121,"[128, 32]",0.1,0.0002804352425575507,True,64,100,10,60,10,feature_concat,16,[],0.00196724208085125,200,0.0,3.0,30,0.053600677452765276,4,0.24325019285163285,0.2303704696786879,0.2744693954898617,0.5206422018348624,0.47545493353979795,0.2865339517593384,43,0.2903764843940735,0.29037624250390204,0.4380733944954128,0.4290039139396466,0.015906847014040326,18,1234,680.0571050643921,436
TOP10_6_fold1,0,DenseNet121,"[128, 64]",0.1,0.0004291917479231005,False,DenseNet121,[128],0.1,0.00043129612837649575,True,32,50,20,10,3,feature_concat,16,[],0.0006607406501626022,100,0.03229446744667382,1.0,100,0.05,0,0.2569678555649032,0.27701140458991846,-0.027601090805037698,0.32368896925858953,0.2837888894654206,0.32186633348464966,24,0.3144543170928955,0.32186619487582724,0.43037974683544306,0.418016348090585,0.34946728568086494,18,1234,239.14231610298157,553
TOP10_6_fold2,0,DenseNet121,"[128, 64]",0.1,0.0004291917479231005,False,DenseNet121,[128],0.1,0.00043129612837649575,True,32,50,20,10,3,feature_concat,16,[],0.0006607406501626022,100,0.03229446744667382,1.0,100,0.05,1,0.24074694140373465,0.2948640842789825,0.23142078713819436,0.5526960784313726,0.4876709779473341,0.27247488498687744,34,0.2603660225868225,0.2724746422120329,0.4105392156862745,0.3938567487202769,0.04105385507383852,18,1234,700.2995448112488,816
TOP10_6_fold3,0,DenseNet121,"[128, 64]",0.1,0.0004291917479231005,False,DenseNet121,[128],0.1,0.00043129612837649575,True,32,50,20,10,3,feature_concat,16,[],0.0006607406501626022,100,0.03229446744667382,1.0,100,0.05,2,0.22729077583987956,0.27372912964812,0.09058037320072954,0.4568081991215227,0.3533779689036413,0.31729161739349365,21,0.2913352847099304,0.3172914000121899,0.42020497803806733,0.41442235564957314,0.22671102681146038,18,1234,683.3090977668762,683
TOP10_6_fold4,0,DenseNet121,"[128, 64]",0.1,0.0004291917479231005,False,DenseNet121,[128],0.1,0.00043129612837649575,True,32,50,20,10,3,feature_concat,16,[],0.0006607406501626022,100,0.03229446744667382,1.0,100,0.05,3,0.2770092226613966,0.3902802623732857,-0.0488818523649317,0.4064516129032258,0.31566774467118236,0.3612189292907715,38,0.35588210821151733,0.3612187625283977,0.43709677419354837,0.43001910895674594,0.4101006148933294,18,1234,770.985268831253,620
TOP10_6_fold5,0,DenseNet121,"[128, 64]",0.1,0.0004291917479231005,False,DenseNet121,[128],0.1,0.00043129612837649575,True,32,50,20,10,3,feature_concat,16,[],0.0006607406501626022,100,0.03229446744667382,1.0,100,0.05,4,0.20267837047040294,0.19380856760374832,0.22679863175012616,0.5022935779816514,0.4316557386732825,0.25146621465682983,9,0.2540949583053589,0.25406504065040647,0.37844036697247707,0.37027822255066983,0.027266408900280314,18,1234,617.6256306171417,436
TOP10_7_fold1,0,MobileNetV3Large,[32],0.1,0.00012314553545251104,True,DenseNet121,[32],0.1,0.00035546065420216655,True,128,50,10,60,1,prob_concat,4,[],0.0024806914558946676,500,0.0,1.0,50,0.12397220305354391,0,0.21052587509786114,0.22823149298991918,0.1763989091120094,0.5027124773960217,0.4134648800260532,0.31444740295410156,5,0.2916187644004822,0.3144472051647065,0.3309222423146474,0.3293796150939008,0.13804829605269708,12,882,229.4265260696411,553
TOP10_7_fold2,0,MobileNetV3Large,[32],0.1,0.00012314553545251104,True,DenseNet121,[32],0.1,0.00035546065420216655,True,128,50,10,60,1,prob_concat,4,[],0.0024806914558946676,500,0.0,1.0,50,0.12397220305354391,1,0.2838761001603677,0.2921599530843382,0.3062652515214771,0.6225490196078431,0.5610725324436227,0.3321110010147095,29,0.3079908490180969,0.33014718379278696,0.4963235294117647,0.4668516175734844,0.023881932271309858,12,882,581.9408512115479,816
TOP10_7_fold3,0,MobileNetV3Large,[32],0.1,0.00012314553545251104,True,DenseNet121,[32],0.1,0.00035546065420216655,True,128,50,10,60,1,prob_concat,4,[],0.0024806914558946676,500,0.0,1.0,50,0.12397220305354391,2,0.22299380431794635,0.23843406073689943,0.40545881925954896,0.6120058565153733,0.578565400575589,0.28805863857269287,22,0.29464709758758545,0.29360029706943,0.4890190336749634,0.46078843474188796,-0.11185852219011894,12,882,555.9916996955872,683
TOP10_7_fold4,0,MobileNetV3Large,[32],0.1,0.00012314553545251104,True,DenseNet121,[32],0.1,0.00035546065420216655,True,128,50,10,60,1,prob_concat,4,[],0.0024806914558946676,500,0.0,1.0,50,0.12397220305354391,3,0.2970552313746777,0.41012880562060894,0.286330314790858,0.4661290322580645,0.42701310848747526,0.4139196276664734,11,0.3893018364906311,0.4139194139194139,0.535483870967742,0.501319915969374,0.12758909912855587,12,882,568.2682025432587,620
TOP10_7_fold5,0,MobileNetV3Large,[32],0.1,0.00012314553545251104,True,DenseNet121,[32],0.1,0.00035546065420216655,True,128,50,10,60,1,prob_concat,4,[],0.0024806914558946676,500,0.0,1.0,50,0.12397220305354391,4,0.2155043928459366,0.28458153122391683,0.3384066369791985,0.6261467889908257,0.5414245645952963,0.3056657910346985,11,0.30677086114883423,0.3067706048885521,0.41284403669724773,0.4178922673134014,-0.03163603209064636,12,882,557.5622398853302,436
TOP10_8_fold1,0,MobileNetV3Large,"[128, 32]",0.10329795449207066,0.0020687730962798793,False,EfficientNetB0,"[128, 64]",0.10329795449207066,0.0009472698398809458,False,128,50,None,10,3,feature_concat,32,[16],0.0007822759463620559,500,0.19920162450661205,1.0,30,0.4868654051102361,0,0.24611734578594568,0.30633378673232137,-0.023099998954751122,0.33815551537070526,0.29350289776860083,0.28073590993881226,18,0.3273611068725586,0.32753399725001775,0.33273056057866185,0.3259262396326623,0.35063399620476887,26,612,263.93778920173645,553
TOP10_8_fold2,0,MobileNetV3Large,"[128, 32]",0.10329795449207066,0.0020687730962798793,False,EfficientNetB0,"[128, 64]",0.10329795449207066,0.0009472698398809458,False,128,50,None,10,3,feature_concat,32,[16],0.0007822759463620559,500,0.19920162450661205,1.0,30,0.4868654051102361,1,0.2746771671781806,0.280755670355776,0.23142078713819436,0.5526960784313726,0.4876709779473341,0.28349125385284424,37,0.3174835443496704,0.3165776391762126,0.5490196078431373,0.48391401903182035,0.08515685203801826,26,612,513.1771001815796,816
TOP10_8_fold3,0,MobileNetV3Large,"[128, 32]",0.10329795449207066,0.0020687730962798793,False,EfficientNetB0,"[128, 64]",0.10329795449207066,0.0009472698398809458,False,128,50,None,10,3,feature_concat,32,[16],0.0007822759463620559,500,0.19920162450661205,1.0,30,0.4868654051102361,2,0.27386251013604834,0.19368564592395243,0.09058037320072954,0.4568081991215227,0.3533779689036413,0.26059871912002563,23,0.27848243713378906,0.2849955032194491,0.40995607613469986,0.4008577946894754,0.19441513001871957,26,612,437.7746970653534,683
TOP10_8_fold4,0,MobileNetV3Large,"[128, 32]",0.10329795449207066,0.0020687730962798793,False,EfficientNetB0,"[128, 64]",0.10329795449207066,0.0009472698398809458,False,128,50,None,10,3,feature_concat,32,[16],0.0007822759463620559,500,0.19920162450661205,1.0,30,0.4868654051102361,3,0.337724764108955,0.3981805458362492,-0.0488818523649317,0.4064516129032258,0.31566774467118236,0.36452025175094604,46,0.3617326021194458,0.36473165388828044,0.40483870967741936,0.39968452507142355,0.41361350625321214,26,612,625.4822902679443,620
TOP10_8_fold5,0,MobileNetV3Large,"[128, 32]",0.10329795449207066,0.0020687730962798793,False,EfficientNetB0,"[128, 64]",0.10329795449207066,0.0009472698398809458,False,128,50,None,10,3,feature_concat,32,[16],0.0007822759463620559,500,0.19920162450661205,1.0,30,0.4868654051102361,4,0.2504498714652956,0.2524393118076832,0.22679863175012616,0.5022935779816514,0.4316557386732825,0.2648032307624817,37,0.28376489877700806,0.2847769028871391,0.4334862385321101,0.42711173125148694,0.05797827113701293,26,612,571.7683019638062,436
TOP10_9_fold1,0,EfficientNetB2,[64],0.1,0.004999999999999999,True,DenseNet121,[64],0.1,0.0007385655643572306,True,64,10,3,10,10,feature_concat,0,[],0.004999999999999999,200,0.0,1.0,0,0.05,0,0.22364875574576004,0.29713165784290574,0.20995017508644642,0.3074141048824593,0.30249833258562847,0.2980576753616333,11,-1.0,0.2990826017486221,0.4864376130198915,0.4462617840793223,0.08913242666217569,10,1058,176.11736869812012,553
TOP10_9_fold2,0,EfficientNetB2,[64],0.1,0.004999999999999999,True,DenseNet121,[64],0.1,0.0007385655643572306,True,64,10,3,10,10,feature_concat,0,[],0.004999999999999999,200,0.0,1.0,0,0.05,1,0.23232941716734923,0.3019222719087834,0.14964014719770735,0.31985294117647056,0.29866676890627447,0.26398319005966187,5,-1.0,0.26398281619707675,0.5355392156862745,0.43322794755884914,0.1143426689993694,10,1058,367.4640007019043,816
TOP10_9_fold3,0,EfficientNetB2,[64],0.1,0.004999999999999999,True,DenseNet121,[64],0.1,0.0007385655643572306,True,64,10,3,10,10,feature_concat,0,[],0.004999999999999999,200,0.0,1.0,0,0.05,2,0.24301980392746658,0.25034238274745646,0.17720457126659783,0.33382137628111275,0.3007758824923004,0.25560063123703003,32,-1.0,0.2556003496848477,0.40995607613469986,0.3902807604642297,0.07839577841824985,10,1058,423.8243591785431,683
TOP10_9_fold4,0,EfficientNetB2,[64],0.1,0.004999999999999999,True,DenseNet121,[64],0.1,0.0007385655643572306,True,64,10,3,10,10,feature_concat,0,[],0.004999999999999999,200,0.0,1.0,0,0.05,3,0.34144910530947503,0.40276669326948666,0.08647140864714087,0.3064516129032258,0.30304664033458,0.4177854657173157,6,-1.0,0.41778523489932884,0.5032258064516129,0.4551510076664534,0.33131382625218797,10,1058,406.16827964782715,620
TOP10_9_fold5,0,EfficientNetB2,[64],0.1,0.004999999999999999,True,DenseNet121,[64],0.1,0.0007385655643572306,True,64,10,3,10,10,feature_concat,0,[],0.004999999999999999,200,0.0,1.0,0,0.05,4,0.2230415393798939,0.29090050894762765,0.2958308327743848,0.3463302752293578,0.31302961744138214,0.26746076345443726,12,-1.0,0.2670302711701056,0.41284403669724773,0.3987316601222137,-0.02880056160427924,10,1058,416.3070740699768,436
TOP10_10_fold1,0,EfficientNetB2,[32],0.1,0.00031366314573071986,False,DenseNet121,[64],0.1,0.0017177909889616646,True,64,10,20,40,3,feature_concat,32,"[64, 32]",0.001771280228965753,500,0.0,2.0,50,0.129304538834021,0,0.21740990620371892,0.3022023938339631,-0.0037982983623336963,0.4177215189873418,0.3566789828393204,0.3042500615119934,48,0.24278688430786133,0.30424971042856574,0.47377938517179025,0.4566693192931246,0.30804800879089944,22,1076,355.82931327819824,553
TOP10_10_fold2,0,EfficientNetB2,[32],0.1,0.00031366314573071986,False,DenseNet121,[64],0.1,0.0017177909889616646,True,64,10,20,40,3,feature_concat,32,"[64, 32]",0.001771280228965753,500,0.0,2.0,50,0.129304538834021,1,0.22776879994687083,0.2848673946957878,0.2931420843246232,0.6470588235294118,0.5961786867245483,0.2651493549346924,10,0.2531798481941223,0.265149042178507,0.33578431372549017,0.3261016620678778,-0.027993042146116198,22,1076,487.13717460632324,816
TOP10_10_fold3,0,EfficientNetB2,[32],0.1,0.00031366314573071986,False,DenseNet121,[64],0.1,0.0017177909889616646,True,64,10,20,40,3,feature_concat,32,"[64, 32]",0.001771280228965753,500,0.0,2.0,50,0.129304538834021,2,0.24092928464827068,0.24887460862642752,0.2596107551845649,0.5373352855051244,0.5197976470457082,0.31947386264801025,32,0.32935672998428345,0.32935645887280374,0.43923865300146414,0.4507246376811594,0.06974570368823885,22,1076,525.9921927452087,683
TOP10_10_fold4,0,EfficientNetB2,[32],0.1,0.00031366314573071986,False,DenseNet121,[64],0.1,0.0017177909889616646,True,64,10,20,40,3,feature_concat,32,"[64, 32]",0.001771280228965753,500,0.0,2.0,50,0.129304538834021,3,0.380547686496695,0.4095324833029752,0.04562043795620441,0.4129032258064516,0.37047991697593,0.3568148612976074,28,0.35971611738204956,0.35971601367341577,0.44193548387096776,0.4352160696398988,0.31409557571721136,22,1076,487.4484131336212,620
TOP10_10_fold5,0,EfficientNetB2,[32],0.1,0.00031366314573071986,False,DenseNet121,[64],0.1,0.0017177909889616646,True,64,10,20,40,3,feature_concat,32,"[64, 32]",0.001771280228965753,500,0.0,2.0,50,0.129304538834021,4,0.20860560204822498,0.25493145468392997,0.1653955571696628,0.5573394495412844,0.46495988424695395,0.32439088821411133,17,0.26453644037246704,0.3243905823581109,0.5022935779816514,0.4659762895057013,0.1589950251884481,22,1076,489.07210540771484,436
BASELINE_fold1,0,EfficientNetB0,[128],0.3,0.001,False,EfficientNetB2,"[128, 32]",0.3,0.003,True,256,200,8,40,5,feature_concat,0,[],0.0005,300,0.1,2.0,0,0.2,0,0.20778403081635755,0.32273695420660287,0.1498802589335202,0.38698010849909587,0.3611492944224117,0.24542385339736938,10,-1.0,0.24468652142048097,0.33815551537070526,0.3396462193948306,0.09480626248696078,14,772,1280.2157943248749,553
BASELINE_fold2,0,EfficientNetB0,[128],0.3,0.001,False,EfficientNetB2,"[128, 32]",0.3,0.003,True,256,200,8,40,5,feature_concat,0,[],0.0005,300,0.1,2.0,0,0.2,1,0.3223006383858178,0.29595412551768074,0.2880224430602445,0.5759803921568627,0.5589580818517896,0.25899308919906616,13,-1.0,0.25899275597960325,0.49264705882352944,0.4406905413009867,-0.029029687080641242,14,772,1083.4421565532684,816
BASELINE_fold3,0,EfficientNetB0,[128],0.3,0.001,False,EfficientNetB2,"[128, 32]",0.3,0.003,True,256,200,8,40,5,feature_concat,0,[],0.0005,300,0.1,2.0,0,0.2,2,0.3313771417734884,0.25186005929813104,0.3961246777828974,0.554904831625183,0.5560350972102346,0.29703640937805176,34,-1.0,0.2970361107225693,0.4582723279648609,0.45832644975685294,-0.09908856706032809,14,772,1236.6799359321594,683
BASELINE_fold4,0,EfficientNetB0,[128],0.3,0.001,False,EfficientNetB2,"[128, 32]",0.3,0.003,True,256,200,8,40,5,feature_concat,0,[],0.0005,300,0.1,2.0,0,0.2,3,0.36422584216352993,0.3479707252162342,0.23535422343324253,0.4258064516129032,0.4131006672984285,0.30999571084976196,24,-1.0,0.309995497523638,0.3790322580645161,0.37818873211999615,0.07464127409039545,14,772,1131.9620666503906,620
BASELINE_fold5,0,EfficientNetB0,[128],0.3,0.001,False,EfficientNetB2,"[128, 32]",0.3,0.003,True,256,200,8,40,5,feature_concat,0,[],0.0005,300,0.1,2.0,0,0.2,4,0.24567474048442905,0.25184580566170756,0.3243296308762481,0.5756880733944955,0.5088667095282715,0.2755330204963684,59,-1.0,0.2755327416254244,0.42660550458715596,0.40829435504568323,-0.048796889250823705,14,772,1798.9140112400055,436
