name,image_modalities,fusion_strategy,fusion_head_units,fusion_head_dropout,fusion_head_bn,image_temperature,gate_hidden_dim,stage1_lr,stage1_epochs,stage2_lr,stage2_epochs,stage2_unfreeze_pct,meta_min_scale,meta_max_scale,fusion_query_dim,fusion_query_l2,meta_query_scale,image_query_scale,loss_type,focal_gamma,alpha_sum,label_smoothing,rf_n_estimators,rf_max_depth,rf_min_samples_leaf,rf_min_samples_split,rf_feature_selection_k,batch_size,lr_schedule,warmup_epochs,use_augmentation,use_mixup,mixup_alpha,image_size,fold,pretrained_loaded,trainable_weights,total_weights,best_s1_kappa,best_s1_epoch,best_s2_kappa,post_eval_kappa,post_eval_acc,post_eval_f1,elapsed_seconds,n_val_samples
R1_lr5e-05,depth_rgb+thermal_map,prob_concat,[],0.3,True,1.0,32,5e-05,200,1e-05,0,0.2,1.5,3.0,64,0.001,0.8,1.5,focal,2.0,3.0,0.1,200,8,5,10,40,64,plateau,0,True,False,0.2,256,0,True,16,774,3.5762786865234375e-07,1,-1,0.0,0.2603978300180832,0.13773314203730272,708.663408279419,553
R1_lr1e-04,depth_rgb+thermal_map,prob_concat,[],0.3,True,1.0,32,0.0001,200,1e-05,0,0.2,1.5,3.0,64,0.001,0.8,1.5,focal,2.0,3.0,0.1,200,8,5,10,40,64,plateau,0,True,False,0.2,256,0,True,16,774,0.16475975513458252,14,-1,0.16150610965125933,0.4177215189873418,0.2859012168553058,335.1958146095276,553
R1_lr3e-04,depth_rgb+thermal_map,prob_concat,[],0.3,True,1.0,32,0.0003,200,1e-05,0,0.2,1.5,3.0,64,0.001,0.8,1.5,focal,2.0,3.0,0.1,200,8,5,10,40,64,plateau,0,True,False,0.2,256,0,True,16,774,0.23186886310577393,13,-1,0.23186860208683058,0.3779385171790235,0.3630872214205547,326.8736228942871,553
R1_lr5e-04,depth_rgb+thermal_map,prob_concat,[],0.3,True,1.0,32,0.0005,200,1e-05,0,0.2,1.5,3.0,64,0.001,0.8,1.5,focal,2.0,3.0,0.1,200,8,5,10,40,64,plateau,0,True,False,0.2,256,0,True,16,774,0.2630555033683777,28,-1,0.2629255108127624,0.3562386980108499,0.35647432668891965,387.46526527404785,553
R1_lr1e-03,depth_rgb+thermal_map,prob_concat,[],0.3,True,1.0,32,0.001,200,1e-05,0,0.2,1.5,3.0,64,0.001,0.8,1.5,focal,2.0,3.0,0.1,200,8,5,10,40,64,plateau,0,True,False,0.2,256,0,True,16,774,0.24136769771575928,16,-1,0.24062695055135586,0.32730560578661844,0.3264993393323481,351.8956980705261,553
R1_lr3e-03,depth_rgb+thermal_map,prob_concat,[],0.3,True,1.0,32,0.003,200,1e-05,0,0.2,1.5,3.0,64,0.001,0.8,1.5,focal,2.0,3.0,0.1,200,8,5,10,40,64,plateau,0,True,False,0.2,256,0,True,16,774,0.24471116065979004,5,-1,0.24471096955420624,0.3291139240506329,0.32342715694494356,257.0641188621521,553
B1_R2_ep100_pat15,depth_rgb+thermal_map,prob_concat,[],0.3,True,1.0,32,0.0005,100,1e-05,0,0.2,1.5,3.0,64,0.001,0.8,1.5,focal,2.0,3.0,0.1,200,8,5,10,40,64,plateau,0,True,False,0.2,256,0,True,16,774,0.26488375663757324,20,-1,0.2648835279738061,0.3924050632911392,0.3876274323628938,343.02541518211365,553
B1_R2_ep200_pat20,depth_rgb+thermal_map,prob_concat,[],0.3,True,1.0,32,0.0005,200,1e-05,0,0.2,1.5,3.0,64,0.001,0.8,1.5,focal,2.0,3.0,0.1,200,8,5,10,40,64,plateau,0,True,False,0.2,256,0,True,16,774,0.25182050466537476,37,-1,0.2518203286431171,0.3887884267631103,0.38119985019329006,545.928614616394,553
B1_R2_ep200_pat30,depth_rgb+thermal_map,prob_concat,[],0.3,True,1.0,32,0.0005,200,1e-05,0,0.2,1.5,3.0,64,0.001,0.8,1.5,focal,2.0,3.0,0.1,200,8,5,10,40,64,plateau,0,True,False,0.2,256,0,True,16,774,0.24269556999206543,40,-1,0.2426953065815084,0.37251356238698013,0.3698667856006164,645.7876720428467,553
B1_R2_ep300_pat25,depth_rgb+thermal_map,prob_concat,[],0.3,True,1.0,32,0.0005,300,1e-05,0,0.2,1.5,3.0,64,0.001,0.8,1.5,focal,2.0,3.0,0.1,200,8,5,10,40,64,plateau,0,True,False,0.2,256,0,True,16,774,0.25403356552124023,71,-1,0.25319424099241505,0.4159132007233273,0.3998078263240224,825.9702796936035,553
B1_R3_prob_concat,depth_rgb+thermal_map,prob_concat,[],0.3,True,1.0,32,0.0005,100,1e-05,0,0.2,1.5,3.0,64,0.001,0.8,1.5,focal,2.0,3.0,0.1,200,8,5,10,40,64,plateau,0,True,False,0.2,256,0,True,16,774,0.24136972427368164,16,-1,0.24136940929432615,0.3453887884267631,0.3455412408011174,352.4435250759125,553
B1_R3_feature_concat,depth_rgb+thermal_map,feature_concat,[],0.3,True,1.0,32,0.0005,100,1e-05,0,0.2,1.5,3.0,64,0.001,0.8,1.5,focal,2.0,3.0,0.1,200,8,5,10,40,64,plateau,0,True,False,0.2,256,0,True,14,772,0.280251681804657,22,-1,0.28025150776337737,0.40325497287522605,0.3938767797207923,397.13389325141907,553
B1_R3_feature_concat_attn,depth_rgb+thermal_map,feature_concat_attn,[],0.3,True,1.0,32,0.0005,100,1e-05,0,0.2,1.5,3.0,64,0.001,0.8,1.5,focal,2.0,3.0,0.1,200,8,5,10,40,64,plateau,0,True,False,0.2,256,0,True,47,805,0.219321608543396,15,-1,0.21932139026224606,0.4213381555153707,0.40218844091943895,340.8134219646454,553
B1_R3_gated,depth_rgb+thermal_map,gated,[],0.3,True,1.0,32,0.0005,100,1e-05,0,0.2,1.5,3.0,64,0.001,0.8,1.5,focal,2.0,3.0,0.1,200,8,5,10,40,64,plateau,0,True,False,0.2,256,0,True,18,776,0.1683485507965088,13,-1,0.16756351687629567,0.21518987341772153,0.2258202700339128,318.84233713150024,553
B1_R3_hybrid,depth_rgb+thermal_map,hybrid,[],0.3,True,1.0,32,0.0005,100,1e-05,0,0.2,1.5,3.0,64,0.001,0.8,1.5,focal,2.0,3.0,0.1,200,8,5,10,40,64,plateau,0,True,False,0.2,256,0,True,16,774,0.23390811681747437,17,-1,0.23390789159953762,0.3707052441229656,0.3656720353618395,352.6385610103607,553
B1_R4_head_none,depth_rgb+thermal_map,feature_concat,[],0.3,True,1.0,32,0.0005,100,1e-05,0,0.2,1.5,3.0,64,0.001,0.8,1.5,focal,2.0,3.0,0.1,200,8,5,10,40,64,plateau,0,True,False,0.2,256,0,True,14,772,0.27400219440460205,22,-1,0.27400189462590263,0.4159132007233273,0.40442808102382566,402.1449439525604,553
B1_R4_head_32,depth_rgb+thermal_map,feature_concat,[32],0.3,True,1.0,32,0.0005,100,1e-05,0,0.2,1.5,3.0,64,0.001,0.8,1.5,focal,2.0,3.0,0.1,200,8,5,10,40,64,plateau,0,True,False,0.2,256,0,True,18,778,0.2315436601638794,30,-1,0.22904519703924253,0.3471971066907776,0.34663971822329387,473.1074151992798,553
B1_R4_head_64,depth_rgb+thermal_map,feature_concat,[64],0.3,True,1.0,32,0.0005,100,1e-05,0,0.2,1.5,3.0,64,0.001,0.8,1.5,focal,2.0,3.0,0.1,200,8,5,10,40,64,plateau,0,True,False,0.2,256,0,True,18,778,0.2457207441329956,36,-1,0.24573962051941667,0.41229656419529837,0.39410837170786267,523.7255280017853,553
B1_R4_head_64_32,depth_rgb+thermal_map,feature_concat,"[64, 32]",0.3,True,1.0,32,0.0005,100,1e-05,0,0.2,1.5,3.0,64,0.001,0.8,1.5,focal,2.0,3.0,0.1,200,8,5,10,40,64,plateau,0,True,False,0.2,256,0,True,22,784,0.2207903265953064,42,-1,0.22079000656316983,0.38155515370705245,0.3708742955789821,575.8160662651062,553
B1_R4_head_128_64,depth_rgb+thermal_map,feature_concat,"[128, 64]",0.3,True,1.0,32,0.0005,100,1e-05,0,0.2,1.5,3.0,64,0.001,0.8,1.5,focal,2.0,3.0,0.1,200,8,5,10,40,64,plateau,0,True,False,0.2,256,0,True,22,784,0.2144133448600769,17,-1,0.21511090573012948,0.33273056057866185,0.33355161853435983,357.62636256217957,553
B1_R4_drop01_bn,depth_rgb+thermal_map,feature_concat,[64],0.1,True,1.0,32,0.0005,100,1e-05,0,0.2,1.5,3.0,64,0.001,0.8,1.5,focal,2.0,3.0,0.1,200,8,5,10,40,64,plateau,0,True,False,0.2,256,0,True,18,778,0.24234211444854736,46,-1,0.23856910215307825,0.4358047016274864,0.40160136075870256,594.7460997104645,553
B1_R4_drop03_bn,depth_rgb+thermal_map,feature_concat,[64],0.3,True,1.0,32,0.0005,100,1e-05,0,0.2,1.5,3.0,64,0.001,0.8,1.5,focal,2.0,3.0,0.1,200,8,5,10,40,64,plateau,0,True,False,0.2,256,0,True,18,778,0.25137859582901,33,-1,0.25137831659908505,0.4177215189873418,0.40293926364102345,498.5113914012909,553
B1_R4_drop05_bn,depth_rgb+thermal_map,feature_concat,[64],0.5,True,1.0,32,0.0005,100,1e-05,0,0.2,1.5,3.0,64,0.001,0.8,1.5,focal,2.0,3.0,0.1,200,8,5,10,40,64,plateau,0,True,False,0.2,256,0,True,18,778,0.23261797428131104,32,-1,0.23262764632627642,0.35443037974683544,0.34637843483404795,490.333336353302,553
B1_R4_drop03_nobn,depth_rgb+thermal_map,feature_concat,[64],0.3,False,1.0,32,0.0005,100,1e-05,0,0.2,1.5,3.0,64,0.001,0.8,1.5,focal,2.0,3.0,0.1,200,8,5,10,40,64,plateau,0,True,False,0.2,256,0,True,16,774,0.25611573457717896,15,-1,0.25611537373492455,0.3743218806509946,0.3703895707330953,343.9657609462738,553
B1_R5_temp0.5,depth_rgb+thermal_map,feature_concat,[],0.3,True,0.5,32,0.0005,100,1e-05,0,0.2,1.5,3.0,64,0.001,0.8,1.5,focal,2.0,3.0,0.1,200,8,5,10,40,64,plateau,0,True,False,0.2,256,0,True,14,772,0.26050519943237305,28,-1,0.2612726840478644,0.379746835443038,0.37465967316322096,455.80902886390686,553
B1_R5_temp0.75,depth_rgb+thermal_map,feature_concat,[],0.3,True,0.75,32,0.0005,100,1e-05,0,0.2,1.5,3.0,64,0.001,0.8,1.5,focal,2.0,3.0,0.1,200,8,5,10,40,64,plateau,0,True,False,0.2,256,0,True,14,772,0.2686370015144348,31,-1,0.26497476334299563,0.37613019891500904,0.3721752694693145,352.2917640209198,553
B1_R5_temp1.0,depth_rgb+thermal_map,feature_concat,[],0.3,True,1.0,32,0.0005,100,1e-05,0,0.2,1.5,3.0,64,0.001,0.8,1.5,focal,2.0,3.0,0.1,200,8,5,10,40,64,plateau,0,True,False,0.2,256,0,True,14,772,0.2879717946052551,13,-1,0.28797165243880096,0.33815551537070526,0.3344108471730934,326.4907636642456,553
B1_R5_temp1.5,depth_rgb+thermal_map,feature_concat,[],0.3,True,1.5,32,0.0005,100,1e-05,0,0.2,1.5,3.0,64,0.001,0.8,1.5,focal,2.0,3.0,0.1,200,8,5,10,40,64,plateau,0,True,False,0.2,256,0,True,14,772,0.279965877532959,17,-1,0.27996560619088573,0.34900542495479203,0.3498828158461285,360.5386607646942,553
B1_R5_temp2.0,depth_rgb+thermal_map,feature_concat,[],0.3,True,2.0,32,0.0005,100,1e-05,0,0.2,1.5,3.0,64,0.001,0.8,1.5,focal,2.0,3.0,0.1,200,8,5,10,40,64,plateau,0,True,False,0.2,256,0,True,14,772,0.26570481061935425,37,-1,0.26570452318941007,0.4593128390596745,0.42916684781821085,533.5224595069885,553
B1_R5_meta_no_scale,depth_rgb+thermal_map,feature_concat,[],0.3,True,1.0,32,0.0005,100,1e-05,0,0.2,1.0,1.0,64,0.001,0.8,1.5,focal,2.0,3.0,0.1,200,8,5,10,40,64,plateau,0,True,False,0.2,256,0,True,14,772,0.2631014585494995,22,-1,0.26213048148321116,0.43399638336347196,0.41075433517013793,404.9013068675995,553
B1_R5_meta_mild,depth_rgb+thermal_map,feature_concat,[],0.3,True,1.0,32,0.0005,100,1e-05,0,0.2,1.0,2.0,64,0.001,0.8,1.5,focal,2.0,3.0,0.1,200,8,5,10,40,64,plateau,0,True,False,0.2,256,0,True,14,772,0.28766167163848877,29,-1,0.2885060056682712,0.40325497287522605,0.39699478813083333,453.35180616378784,553
B1_R5_meta_default,depth_rgb+thermal_map,feature_concat,[],0.3,True,1.0,32,0.0005,100,1e-05,0,0.2,1.5,3.0,64,0.001,0.8,1.5,focal,2.0,3.0,0.1,200,8,5,10,40,64,plateau,0,True,False,0.2,256,0,True,14,772,0.29293811321258545,22,-1,0.29293793308993377,0.40325497287522605,0.399046215983343,405.27572989463806,553
B1_R5_meta_strong,depth_rgb+thermal_map,feature_concat,[],0.3,True,1.0,32,0.0005,100,1e-05,0,0.2,2.0,4.0,64,0.001,0.8,1.5,focal,2.0,3.0,0.1,200,8,5,10,40,64,plateau,0,True,False,0.2,256,0,True,14,772,0.26435476541519165,21,-1,0.2643001955464097,0.35804701627486435,0.36021620655766995,395.45357751846313,553
B1_R6_rf100_d6,depth_rgb+thermal_map,feature_concat,[],0.3,True,1.0,32,0.0005,100,1e-05,0,0.2,1.5,3.0,64,0.001,0.8,1.5,focal,2.0,3.0,0.1,100,6,5,10,40,64,plateau,0,True,False,0.2,256,0,True,14,772,0.2452239990234375,28,-1,0.2452237016044192,0.4014466546112116,0.3880956742279052,481.6024446487427,553
B1_R6_rf200_d8,depth_rgb+thermal_map,feature_concat,[],0.3,True,1.0,32,0.0005,100,1e-05,0,0.2,1.5,3.0,64,0.001,0.8,1.5,focal,2.0,3.0,0.1,200,8,5,10,40,64,plateau,0,True,False,0.2,256,0,True,14,772,0.2573050856590271,28,-1,0.25730482480963546,0.40687160940325495,0.395514150429735,450.66224241256714,553
B1_R6_rf300_d10,depth_rgb+thermal_map,feature_concat,[],0.3,True,1.0,32,0.0005,100,1e-05,0,0.2,1.5,3.0,64,0.001,0.8,1.5,focal,2.0,3.0,0.1,300,10,5,10,40,64,plateau,0,True,False,0.2,256,0,True,14,772,0.2620818018913269,35,-1,0.25959976435724863,0.40325497287522605,0.3967863773125921,1170.272518157959,553
B1_R6_rf200_d12,depth_rgb+thermal_map,feature_concat,[],0.3,True,1.0,32,0.0005,100,1e-05,0,0.2,1.5,3.0,64,0.001,0.8,1.5,focal,2.0,3.0,0.1,200,12,3,5,40,64,plateau,0,True,False,0.2,256,0,True,14,772,0.2649551033973694,30,-1,0.2672786306013799,0.39783001808318263,0.3918251498386353,499.56213092803955,553
B1_R6_rf200_d8_k20,depth_rgb+thermal_map,feature_concat,[],0.3,True,1.0,32,0.0005,100,1e-05,0,0.2,1.5,3.0,64,0.001,0.8,1.5,focal,2.0,3.0,0.1,200,8,5,10,20,64,plateau,0,True,False,0.2,256,0,True,14,772,0.25645941495895386,22,-1,0.2564592523326491,0.36347197106690776,0.36161952562612987,424.7578332424164,553
B1_R6_rf200_d8_k60,depth_rgb+thermal_map,feature_concat,[],0.3,True,1.0,32,0.0005,100,1e-05,0,0.2,1.5,3.0,64,0.001,0.8,1.5,focal,2.0,3.0,0.1,200,8,5,10,60,64,plateau,0,True,False,0.2,256,0,True,14,772,0.2440474033355713,37,-1,0.24404713804713807,0.4394213381555154,0.4112698308062945,557.0814955234528,553
B1_R7_no_ft,depth_rgb+thermal_map,feature_concat,[],0.3,True,1.0,32,0.0005,100,0.0,0,0.0,1.5,3.0,64,0.001,0.8,1.5,focal,2.0,3.0,0.1,200,12,3,5,40,64,plateau,0,True,False,0.2,256,0,True,14,772,0.2784085273742676,24,-1,0.2784902613009288,0.34177215189873417,0.3406993597974665,446.76019740104675,553
B1_R7_ft_top10_50ep,depth_rgb+thermal_map,feature_concat,[],0.3,True,1.0,32,0.0005,100,1e-05,50,0.1,1.5,3.0,64,0.001,0.8,1.5,focal,2.0,3.0,0.1,200,12,3,5,40,64,plateau,0,True,False,0.2,256,0,True,14,772,0.25360047817230225,9,0.23680740594863892,0.2536002742609458,0.2694394213381555,0.2604514666502298,424.24763798713684,553
B1_R7_ft_top20_50ep,depth_rgb+thermal_map,feature_concat,[],0.3,True,1.0,32,0.0005,100,1e-05,50,0.2,1.5,3.0,64,0.001,0.8,1.5,focal,2.0,3.0,0.1,200,12,3,5,40,64,plateau,0,True,False,0.2,256,0,True,14,772,0.27062320709228516,16,0.2784764766693115,0.2784762630296794,0.38698010849909587,0.3853960491678536,517.6751508712769,553
B1_R7_ft_top20_50ep_lr,depth_rgb+thermal_map,feature_concat,[],0.3,True,1.0,32,0.0005,100,5e-06,50,0.2,1.5,3.0,64,0.001,0.8,1.5,focal,2.0,3.0,0.1,200,12,3,5,40,64,plateau,0,True,False,0.2,256,0,True,14,772,0.27577710151672363,22,0.31026774644851685,0.3102674934304277,0.40687160940325495,0.40330565061886253,554.9690628051758,553
B2_R2_ep100_pat15,depth_rgb+thermal_map,prob_concat,[],0.3,True,1.0,32,0.003,100,1e-05,0,0.2,1.5,3.0,64,0.001,0.8,1.5,focal,2.0,3.0,0.1,200,8,5,10,40,64,plateau,0,True,False,0.2,256,0,True,16,774,0.24035918712615967,5,-1,0.2403648529817315,0.30560578661844484,0.3031709272823017,242.2988293170929,553
B2_R2_ep200_pat20,depth_rgb+thermal_map,prob_concat,[],0.3,True,1.0,32,0.003,200,1e-05,0,0.2,1.5,3.0,64,0.001,0.8,1.5,focal,2.0,3.0,0.1,200,8,5,10,40,64,plateau,0,True,False,0.2,256,0,True,16,774,0.24719464778900146,11,-1,0.24719430321176805,0.47920433996383366,0.42493398424477813,305.5263409614563,553
B2_R2_ep200_pat30,depth_rgb+thermal_map,prob_concat,[],0.3,True,1.0,32,0.003,200,1e-05,0,0.2,1.5,3.0,64,0.001,0.8,1.5,focal,2.0,3.0,0.1,200,8,5,10,40,64,plateau,0,True,False,0.2,256,0,True,16,774,0.2141878604888916,17,-1,0.20777823256796557,0.4321880650994575,0.3999379490604826,442.89669036865234,553
B2_R2_ep300_pat25,depth_rgb+thermal_map,prob_concat,[],0.3,True,1.0,32,0.003,300,1e-05,0,0.2,1.5,3.0,64,0.001,0.8,1.5,focal,2.0,3.0,0.1,200,8,5,10,40,64,plateau,0,True,False,0.2,256,0,True,16,774,0.21673113107681274,9,-1,0.2159450321736286,0.3074141048824593,0.3093931356000322,281.660790681839,553
B2_R3_prob_concat,depth_rgb+thermal_map,prob_concat,[],0.3,True,1.0,32,0.003,200,1e-05,0,0.2,1.5,3.0,64,0.001,0.8,1.5,focal,2.0,3.0,0.1,200,8,5,10,40,64,plateau,0,True,False,0.2,256,0,True,16,774,0.23541367053985596,8,-1,0.23541340215688078,0.5171790235081374,0.44706221089398657,280.44937014579773,553
B2_R3_feature_concat,depth_rgb+thermal_map,feature_concat,[],0.3,True,1.0,32,0.003,200,1e-05,0,0.2,1.5,3.0,64,0.001,0.8,1.5,focal,2.0,3.0,0.1,200,8,5,10,40,64,plateau,0,True,False,0.2,256,0,True,14,772,0.21011948585510254,13,-1,0.21709103191542878,0.488245931283906,0.4451542082477837,318.45537090301514,553
B2_R3_feature_concat_attn,depth_rgb+thermal_map,feature_concat_attn,[],0.3,True,1.0,32,0.003,200,1e-05,0,0.2,1.5,3.0,64,0.001,0.8,1.5,focal,2.0,3.0,0.1,200,8,5,10,40,64,plateau,0,True,False,0.2,256,0,True,47,805,0.20656323432922363,13,-1,0.2065628927777241,0.5081374321880651,0.44653619363635166,328.6650598049164,553
B2_R3_gated,depth_rgb+thermal_map,gated,[],0.3,True,1.0,32,0.003,200,1e-05,0,0.2,1.5,3.0,64,0.001,0.8,1.5,focal,2.0,3.0,0.1,200,8,5,10,40,64,plateau,0,True,False,0.2,256,0,True,18,776,0.11701339483261108,1,-1,0.11701302241701095,0.3399638336347197,0.3271725637831165,220.19758296012878,553
B2_R3_hybrid,depth_rgb+thermal_map,hybrid,[],0.3,True,1.0,32,0.003,200,1e-05,0,0.2,1.5,3.0,64,0.001,0.8,1.5,focal,2.0,3.0,0.1,200,8,5,10,40,64,plateau,0,True,False,0.2,256,0,True,16,774,0.2111547589302063,20,-1,0.21115440818314657,0.4593128390596745,0.4324666349437911,380.64813327789307,553
B2_R4_head_none,depth_rgb+thermal_map,prob_concat,[],0.3,True,1.0,32,0.003,200,1e-05,0,0.2,1.5,3.0,64,0.001,0.8,1.5,focal,2.0,3.0,0.1,200,8,5,10,40,64,plateau,0,True,False,0.2,256,0,True,16,774,0.24179953336715698,6,-1,0.2417992984701165,0.3435804701627486,0.3409316045825616,263.41050601005554,553
B2_R4_head_32,depth_rgb+thermal_map,prob_concat,[32],0.3,True,1.0,32,0.003,200,1e-05,0,0.2,1.5,3.0,64,0.001,0.8,1.5,focal,2.0,3.0,0.1,200,8,5,10,40,64,plateau,0,True,False,0.2,256,0,True,20,780,0.21862679719924927,44,-1,0.21862648703907483,0.4267631103074141,0.3986642309286899,588.4142224788666,553
B2_R4_head_64,depth_rgb+thermal_map,prob_concat,[64],0.3,True,1.0,32,0.003,200,1e-05,0,0.2,1.5,3.0,64,0.001,0.8,1.5,focal,2.0,3.0,0.1,200,8,5,10,40,64,plateau,0,True,False,0.2,256,0,True,20,780,0.17975735664367676,3,-1,0.17975679327428307,0.6292947558770343,0.42512260374172023,238.7976996898651,553
B2_R4_head_64_32,depth_rgb+thermal_map,prob_concat,"[64, 32]",0.3,True,1.0,32,0.003,200,1e-05,0,0.2,1.5,3.0,64,0.001,0.8,1.5,focal,2.0,3.0,0.1,200,8,5,10,40,64,plateau,0,True,False,0.2,256,0,True,24,786,0.18848055601119995,1,-1,0.18847996802036604,0.6094032549728752,0.45703161647434093,225.4855477809906,553
B2_R4_head_128_64,depth_rgb+thermal_map,prob_concat,"[128, 64]",0.3,True,1.0,32,0.003,200,1e-05,0,0.2,1.5,3.0,64,0.001,0.8,1.5,focal,2.0,3.0,0.1,200,8,5,10,40,64,plateau,0,True,False,0.2,256,0,True,24,786,0.19328182935714722,11,-1,0.19337166505537762,0.321880650994575,0.3170389675758214,308.09029245376587,553
B2_R4_drop01_bn,depth_rgb+thermal_map,prob_concat,[64],0.1,True,1.0,32,0.003,200,1e-05,0,0.2,1.5,3.0,64,0.001,0.8,1.5,focal,2.0,3.0,0.1,200,8,5,10,40,64,plateau,0,True,False,0.2,256,0,True,20,780,0.1635420322418213,4,-1,0.16354163622015028,0.46835443037974683,0.426435991384798,247.39210176467896,553
B2_R4_drop03_bn,depth_rgb+thermal_map,prob_concat,[64],0.3,True,1.0,32,0.003,200,1e-05,0,0.2,1.5,3.0,64,0.001,0.8,1.5,focal,2.0,3.0,0.1,200,8,5,10,40,64,plateau,0,True,False,0.2,256,0,True,20,780,0.16896271705627441,5,-1,0.17283552322853124,0.484629294755877,0.4290530134592065,253.6001751422882,553
B2_R4_drop05_bn,depth_rgb+thermal_map,prob_concat,[64],0.5,True,1.0,32,0.003,200,1e-05,0,0.2,1.5,3.0,64,0.001,0.8,1.5,focal,2.0,3.0,0.1,200,8,5,10,40,64,plateau,0,True,False,0.2,256,0,True,20,780,0.17707109451293945,6,-1,0.17707086289616203,0.37251356238698013,0.3601334662217792,264.23461151123047,553
B2_R4_drop03_nobn,depth_rgb+thermal_map,prob_concat,[64],0.3,False,1.0,32,0.003,200,1e-05,0,0.2,1.5,3.0,64,0.001,0.8,1.5,focal,2.0,3.0,0.1,200,8,5,10,40,64,plateau,0,True,False,0.2,256,0,True,18,776,0.1672724485397339,31,-1,0.16921362109072102,0.29475587703435807,0.28626719898535685,443.58298110961914,553
B2_R5_temp0.5,depth_rgb+thermal_map,prob_concat,[],0.3,True,0.5,32,0.003,200,1e-05,0,0.2,1.5,3.0,64,0.001,0.8,1.5,focal,2.0,3.0,0.1,200,8,5,10,40,64,plateau,0,True,False,0.2,256,0,True,16,774,0.21282678842544556,11,-1,0.2128266401436376,0.32368896925858953,0.3275110652289659,825.8545305728912,553
B2_R5_temp0.75,depth_rgb+thermal_map,prob_concat,[],0.3,True,0.75,32,0.003,200,1e-05,0,0.2,1.5,3.0,64,0.001,0.8,1.5,focal,2.0,3.0,0.1,200,8,5,10,40,64,plateau,0,True,False,0.2,256,0,True,16,774,0.22031104564666748,6,-1,0.22165225894975704,0.2965641952983725,0.2994432498964221,255.44886803627014,553
B2_R5_temp1.0,depth_rgb+thermal_map,prob_concat,[],0.3,True,1.0,32,0.003,200,1e-05,0,0.2,1.5,3.0,64,0.001,0.8,1.5,focal,2.0,3.0,0.1,200,8,5,10,40,64,plateau,0,True,False,0.2,256,0,True,16,774,0.23608726263046265,13,-1,0.23608703685780397,0.35443037974683544,0.3495107656618804,324.58858346939087,553
B2_R5_temp1.5,depth_rgb+thermal_map,prob_concat,[],0.3,True,1.5,32,0.003,200,1e-05,0,0.2,1.5,3.0,64,0.001,0.8,1.5,focal,2.0,3.0,0.1,200,8,5,10,40,64,plateau,0,True,False,0.2,256,0,True,16,774,0.2166416049003601,3,-1,0.21664129211623762,0.2875226039783002,0.29106435337712483,238.2740833759308,553
B2_R5_temp2.0,depth_rgb+thermal_map,prob_concat,[],0.3,True,2.0,32,0.003,200,1e-05,0,0.2,1.5,3.0,64,0.001,0.8,1.5,focal,2.0,3.0,0.1,200,8,5,10,40,64,plateau,0,True,False,0.2,256,0,True,16,774,0.20604461431503296,13,-1,0.20604437242857898,0.3182640144665461,0.3124765140644606,325.34487676620483,553
B2_R5_meta_no_scale,depth_rgb+thermal_map,prob_concat,[],0.3,True,1.0,32,0.003,200,1e-05,0,0.2,1.0,1.0,64,0.001,0.8,1.5,focal,2.0,3.0,0.1,200,8,5,10,40,64,plateau,0,True,False,0.2,256,0,True,16,774,0.23236244916915894,3,-1,0.23236220650892936,0.3092224231464738,0.3062693066612234,238.97172021865845,553
B2_R5_meta_mild,depth_rgb+thermal_map,prob_concat,[],0.3,True,1.0,32,0.003,200,1e-05,0,0.2,1.0,2.0,64,0.001,0.8,1.5,focal,2.0,3.0,0.1,200,8,5,10,40,64,plateau,0,True,False,0.2,256,0,True,16,774,0.21932941675186157,6,-1,0.21932917828440202,0.39421338155515373,0.3835240274599543,263.4602770805359,553
B2_R5_meta_default,depth_rgb+thermal_map,prob_concat,[],0.3,True,1.0,32,0.003,200,1e-05,0,0.2,1.5,3.0,64,0.001,0.8,1.5,focal,2.0,3.0,0.1,200,8,5,10,40,64,plateau,0,True,False,0.2,256,0,True,16,774,0.26027756929397583,5,-1,0.2609886884026772,0.33634719710669075,0.3378935083567036,256.50401496887207,553
B2_R5_meta_strong,depth_rgb+thermal_map,prob_concat,[],0.3,True,1.0,32,0.003,200,1e-05,0,0.2,2.0,4.0,64,0.001,0.8,1.5,focal,2.0,3.0,0.1,200,8,5,10,40,64,plateau,0,True,False,0.2,256,0,True,16,774,0.22081345319747925,3,-1,0.22081320450885666,0.2875226039783002,0.28165397673921205,238.81763982772827,553
B2_R6_rf100_d6,depth_rgb+thermal_map,prob_concat,[],0.3,True,1.0,32,0.003,200,1e-05,0,0.2,1.5,3.0,64,0.001,0.8,1.5,focal,2.0,3.0,0.1,100,6,5,10,40,64,plateau,0,True,False,0.2,256,0,True,16,774,0.23792511224746704,8,-1,0.2379248547769126,0.4159132007233273,0.39767642350414706,310.32633876800537,553
B2_R6_rf200_d8,depth_rgb+thermal_map,prob_concat,[],0.3,True,1.0,32,0.003,200,1e-05,0,0.2,1.5,3.0,64,0.001,0.8,1.5,focal,2.0,3.0,0.1,200,8,5,10,40,64,plateau,0,True,False,0.2,256,0,True,16,774,0.24473565816879272,6,-1,0.24543823904236794,0.3128390596745027,0.31249118659619857,295.3780086040497,553
B2_R6_rf300_d10,depth_rgb+thermal_map,prob_concat,[],0.3,True,1.0,32,0.003,200,1e-05,0,0.2,1.5,3.0,64,0.001,0.8,1.5,focal,2.0,3.0,0.1,300,10,5,10,40,64,plateau,0,True,False,0.2,256,0,True,16,774,0.2288912534713745,9,-1,0.22889108835093208,0.31103074141048825,0.3073876728110599,321.04987025260925,553
B2_R6_rf200_d12,depth_rgb+thermal_map,prob_concat,[],0.3,True,1.0,32,0.003,200,1e-05,0,0.2,1.5,3.0,64,0.001,0.8,1.5,focal,2.0,3.0,0.1,200,12,3,5,40,64,plateau,0,True,False,0.2,256,0,True,16,774,0.25828105211257935,5,-1,0.2582807535952105,0.3435804701627486,0.3439802842428663,283.00361943244934,553
B2_R6_rf200_d8_k20,depth_rgb+thermal_map,prob_concat,[],0.3,True,1.0,32,0.003,200,1e-05,0,0.2,1.5,3.0,64,0.001,0.8,1.5,focal,2.0,3.0,0.1,200,8,5,10,20,64,plateau,0,True,False,0.2,256,0,True,16,774,0.2303033471107483,9,-1,0.23030315573791704,0.3092224231464738,0.3120136018778829,318.7503776550293,553
B2_R6_rf200_d8_k60,depth_rgb+thermal_map,prob_concat,[],0.3,True,1.0,32,0.003,200,1e-05,0,0.2,1.5,3.0,64,0.001,0.8,1.5,focal,2.0,3.0,0.1,200,8,5,10,60,64,plateau,0,True,False,0.2,256,0,True,16,774,0.2450675368309021,11,-1,0.24080408639096829,0.5207956600361664,0.44639566395663954,337.4450578689575,553
B2_R7_no_ft,depth_rgb+thermal_map,prob_concat,[],0.3,True,1.0,32,0.003,200,0.0,0,0.0,1.5,3.0,64,0.001,0.8,1.5,focal,2.0,3.0,0.1,200,12,3,5,40,64,plateau,0,True,False,0.2,256,0,True,16,774,0.2405899167060852,7,-1,0.2405896782826089,0.37613019891500904,0.3692921871308692,301.26885414123535,553
B2_R7_ft_top10_50ep,depth_rgb+thermal_map,prob_concat,[],0.3,True,1.0,32,0.003,200,1e-05,50,0.1,1.5,3.0,64,0.001,0.8,1.5,focal,2.0,3.0,0.1,200,12,3,5,40,64,plateau,0,True,False,0.2,256,0,True,16,774,0.1974773406982422,18,0.23169100284576416,0.23088100312699322,0.3924050632911392,0.3850166871740311,488.09255838394165,553
B2_R7_ft_top20_50ep,depth_rgb+thermal_map,prob_concat,[],0.3,True,1.0,32,0.003,200,1e-05,50,0.2,1.5,3.0,64,0.001,0.8,1.5,focal,2.0,3.0,0.1,200,12,3,5,40,64,plateau,0,True,False,0.2,256,0,True,16,774,0.24025464057922363,3,0.26166242361068726,0.2609256693929445,0.32007233273056057,0.31955808472695696,362.5846252441406,553
B2_R7_ft_top20_50ep_lr,depth_rgb+thermal_map,prob_concat,[],0.3,True,1.0,32,0.003,200,5e-06,50,0.2,1.5,3.0,64,0.001,0.8,1.5,focal,2.0,3.0,0.1,200,12,3,5,40,64,plateau,0,True,False,0.2,256,0,True,16,774,0.21811193227767944,7,0.24902373552322388,0.2490234102124187,0.35985533453887886,0.360533941085819,543.8198564052582,553
B3_R2_ep100_pat15,depth_rgb+thermal_map,prob_concat,[],0.3,True,1.0,32,0.001,100,1e-05,0,0.2,1.5,3.0,64,0.001,0.8,1.5,focal,2.0,3.0,0.1,200,8,5,10,40,64,plateau,0,True,False,0.2,256,0,True,16,774,0.27246689796447754,10,-1,0.2724667132612487,0.36347197106690776,0.36325290870745414,286.84176993370056,553
B3_R2_ep200_pat20,depth_rgb+thermal_map,prob_concat,[],0.3,True,1.0,32,0.001,200,1e-05,0,0.2,1.5,3.0,64,0.001,0.8,1.5,focal,2.0,3.0,0.1,200,8,5,10,40,64,plateau,0,True,False,0.2,256,0,True,16,774,0.2561224102973938,12,-1,0.2561221510680851,0.3092224231464738,0.30825879931570993,316.2887752056122,553
B3_R2_ep200_pat30,depth_rgb+thermal_map,prob_concat,[],0.3,True,1.0,32,0.001,200,1e-05,0,0.2,1.5,3.0,64,0.001,0.8,1.5,focal,2.0,3.0,0.1,200,8,5,10,40,64,plateau,0,True,False,0.2,256,0,True,16,774,0.2509533166885376,11,-1,0.2501130028627393,0.40325497287522605,0.3890673866320779,392.81318283081055,553
B3_R2_ep300_pat25,depth_rgb+thermal_map,prob_concat,[],0.3,True,1.0,32,0.001,300,1e-05,0,0.2,1.5,3.0,64,0.001,0.8,1.5,focal,2.0,3.0,0.1,200,8,5,10,40,64,plateau,0,True,False,0.2,256,0,True,16,774,0.24532949924468994,8,-1,0.24532927550934147,0.3670886075949367,0.36554017128179805,324.47647976875305,553
B3_R3_prob_concat,depth_rgb+thermal_map,prob_concat,[],0.3,True,1.0,32,0.001,100,1e-05,0,0.2,1.5,3.0,64,0.001,0.8,1.5,focal,2.0,3.0,0.1,200,8,5,10,40,64,plateau,0,True,False,0.2,256,0,True,16,774,0.250114381313324,21,-1,0.25011403000530086,0.4104882459312839,0.39598230738011103,392.7536928653717,553
B3_R3_feature_concat,depth_rgb+thermal_map,feature_concat,[],0.3,True,1.0,32,0.001,100,1e-05,0,0.2,1.5,3.0,64,0.001,0.8,1.5,focal,2.0,3.0,0.1,200,8,5,10,40,64,plateau,0,True,False,0.2,256,0,True,14,772,0.2601780891418457,15,-1,0.26017779195541846,0.4141048824593128,0.39828754239779807,339.8083004951477,553
B3_R3_feature_concat_attn,depth_rgb+thermal_map,feature_concat_attn,[],0.3,True,1.0,32,0.001,100,1e-05,0,0.2,1.5,3.0,64,0.001,0.8,1.5,focal,2.0,3.0,0.1,200,8,5,10,40,64,plateau,0,True,False,0.2,256,0,True,47,805,0.1982465386390686,6,-1,0.19824619005633293,0.45750452079566006,0.4261211804068947,268.2119607925415,553
B3_R3_gated,depth_rgb+thermal_map,gated,[],0.3,True,1.0,32,0.001,100,1e-05,0,0.2,1.5,3.0,64,0.001,0.8,1.5,focal,2.0,3.0,0.1,200,8,5,10,40,64,plateau,0,True,False,0.2,256,0,True,18,776,0.11617916822433472,9,-1,0.11617900172117035,0.21338155515370705,0.20192767203184128,290.2027807235718,553
B3_R3_hybrid,depth_rgb+thermal_map,hybrid,[],0.3,True,1.0,32,0.001,100,1e-05,0,0.2,1.5,3.0,64,0.001,0.8,1.5,focal,2.0,3.0,0.1,200,8,5,10,40,64,plateau,0,True,False,0.2,256,0,True,16,774,0.24517518281936646,12,-1,0.2459668396194047,0.3688969258589512,0.36543607881187495,315.8990213871002,553
B3_R4_head_none,depth_rgb+thermal_map,feature_concat,[],0.3,True,1.0,32,0.001,100,1e-05,0,0.2,1.5,3.0,64,0.001,0.8,1.5,focal,2.0,3.0,0.1,200,8,5,10,40,64,plateau,0,True,False,0.2,256,0,True,14,772,0.2639692425727844,20,-1,0.26396896486469446,0.4159132007233273,0.4013050780098201,383.7897810935974,553
B3_R4_head_32,depth_rgb+thermal_map,feature_concat,[32],0.3,True,1.0,32,0.001,100,1e-05,0,0.2,1.5,3.0,64,0.001,0.8,1.5,focal,2.0,3.0,0.1,200,8,5,10,40,64,plateau,0,True,False,0.2,256,0,True,18,778,0.21449148654937744,20,-1,0.2144910994534559,0.39783001808318263,0.38694180664493455,384.10675859451294,553
B3_R4_head_64,depth_rgb+thermal_map,feature_concat,[64],0.3,True,1.0,32,0.001,100,1e-05,0,0.2,1.5,3.0,64,0.001,0.8,1.5,focal,2.0,3.0,0.1,200,8,5,10,40,64,plateau,0,True,False,0.2,256,0,True,18,778,0.2591351270675659,35,-1,0.25908724961247775,0.39421338155515373,0.3907531943895995,512.3568189144135,553
B3_R4_head_64_32,depth_rgb+thermal_map,feature_concat,"[64, 32]",0.3,True,1.0,32,0.001,100,1e-05,0,0.2,1.5,3.0,64,0.001,0.8,1.5,focal,2.0,3.0,0.1,200,8,5,10,40,64,plateau,0,True,False,0.2,256,0,True,22,784,0.23969388008117676,42,-1,0.23968835930339139,0.35985533453887886,0.3580784251846123,571.9417583942413,553
B3_R4_head_128_64,depth_rgb+thermal_map,feature_concat,"[128, 64]",0.3,True,1.0,32,0.001,100,1e-05,0,0.2,1.5,3.0,64,0.001,0.8,1.5,focal,2.0,3.0,0.1,200,8,5,10,40,64,plateau,0,True,False,0.2,256,0,True,22,784,0.25197577476501465,37,-1,0.24944805704013806,0.38155515370705245,0.3794568919848243,527.0222001075745,553
B3_R4_drop01_bn,depth_rgb+thermal_map,feature_concat,[64],0.1,True,1.0,32,0.001,100,1e-05,0,0.2,1.5,3.0,64,0.001,0.8,1.5,focal,2.0,3.0,0.1,200,8,5,10,40,64,plateau,0,True,False,0.2,256,0,True,18,778,0.2267795205116272,11,-1,0.22677914805056631,0.4755877034358047,0.43129968472924746,304.5587978363037,553
B3_R4_drop03_bn,depth_rgb+thermal_map,feature_concat,[64],0.3,True,1.0,32,0.001,100,1e-05,0,0.2,1.5,3.0,64,0.001,0.8,1.5,focal,2.0,3.0,0.1,200,8,5,10,40,64,plateau,0,True,False,0.2,256,0,True,18,778,0.2286657691001892,15,-1,0.22866549208285336,0.3508137432188065,0.34896658896658894,334.35105872154236,553
B3_R4_drop05_bn,depth_rgb+thermal_map,feature_concat,[64],0.5,True,1.0,32,0.001,100,1e-05,0,0.2,1.5,3.0,64,0.001,0.8,1.5,focal,2.0,3.0,0.1,200,8,5,10,40,64,plateau,0,True,False,0.2,256,0,True,18,778,0.24901586771011353,22,-1,0.24901558460042228,0.3779385171790235,0.37275882953944034,401.16150069236755,553
B3_R4_drop03_nobn,depth_rgb+thermal_map,feature_concat,[64],0.3,False,1.0,32,0.001,100,1e-05,0,0.2,1.5,3.0,64,0.001,0.8,1.5,focal,2.0,3.0,0.1,200,8,5,10,40,64,plateau,0,True,False,0.2,256,0,True,16,774,0.2104620337486267,40,-1,0.20673822527285468,0.379746835443038,0.3702844291322507,409.7262718677521,553
B3_R5_temp0.5,depth_rgb+thermal_map,feature_concat,[],0.3,True,0.5,32,0.001,100,1e-05,0,0.2,1.5,3.0,64,0.001,0.8,1.5,focal,2.0,3.0,0.1,200,8,5,10,40,64,plateau,0,True,False,0.2,256,0,True,14,772,0.2433997392654419,22,-1,0.24423844304197306,0.42857142857142855,0.40653622512318915,400.61106157302856,553
B3_R5_temp0.75,depth_rgb+thermal_map,feature_concat,[],0.3,True,0.75,32,0.001,100,1e-05,0,0.2,1.5,3.0,64,0.001,0.8,1.5,focal,2.0,3.0,0.1,200,8,5,10,40,64,plateau,0,True,False,0.2,256,0,True,14,772,0.24770605564117432,13,-1,0.24770586484795853,0.3960216998191682,0.3855828233416873,323.10773968696594,553
B3_R5_temp1.0,depth_rgb+thermal_map,feature_concat,[],0.3,True,1.0,32,0.001,100,1e-05,0,0.2,1.5,3.0,64,0.001,0.8,1.5,focal,2.0,3.0,0.1,200,8,5,10,40,64,plateau,0,True,False,0.2,256,0,True,14,772,0.27091848850250244,13,-1,0.2700537984608332,0.4538878842676311,0.42544510929231033,322.26622700691223,553
B3_R5_temp1.5,depth_rgb+thermal_map,feature_concat,[],0.3,True,1.5,32,0.001,100,1e-05,0,0.2,1.5,3.0,64,0.001,0.8,1.5,focal,2.0,3.0,0.1,200,8,5,10,40,64,plateau,0,True,False,0.2,256,0,True,14,772,0.2644737958908081,5,-1,0.2644734897564296,0.47377938517179025,0.431027808666482,254.39195322990417,553
B3_R5_temp2.0,depth_rgb+thermal_map,feature_concat,[],0.3,True,2.0,32,0.001,100,1e-05,0,0.2,1.5,3.0,64,0.001,0.8,1.5,focal,2.0,3.0,0.1,200,8,5,10,40,64,plateau,0,True,False,0.2,256,0,True,14,772,0.2535446286201477,15,-1,0.2535444341437342,0.38698010849909587,0.3799893976436131,339.86339259147644,553
B3_R5_meta_no_scale,depth_rgb+thermal_map,feature_concat,[],0.3,True,1.0,32,0.001,100,1e-05,0,0.2,1.0,1.0,64,0.001,0.8,1.5,focal,2.0,3.0,0.1,200,8,5,10,40,64,plateau,0,True,False,0.2,256,0,True,14,772,0.2640724778175354,12,-1,0.2640087683244281,0.4412296564195298,0.41469624015569123,314.7066204547882,553
B3_R5_meta_mild,depth_rgb+thermal_map,feature_concat,[],0.3,True,1.0,32,0.001,100,1e-05,0,0.2,1.0,2.0,64,0.001,0.8,1.5,focal,2.0,3.0,0.1,200,8,5,10,40,64,plateau,0,True,False,0.2,256,0,True,14,772,0.2909376621246338,16,-1,0.2909374205380958,0.35985533453887886,0.3624796350602802,340.67831230163574,553
B3_R5_meta_default,depth_rgb+thermal_map,feature_concat,[],0.3,True,1.0,32,0.001,100,1e-05,0,0.2,1.5,3.0,64,0.001,0.8,1.5,focal,2.0,3.0,0.1,200,8,5,10,40,64,plateau,0,True,False,0.2,256,0,True,14,772,0.27234137058258057,10,-1,0.2737482915138726,0.32368896925858953,0.31921602493774165,296.52370047569275,553
B3_R5_meta_strong,depth_rgb+thermal_map,feature_concat,[],0.3,True,1.0,32,0.001,100,1e-05,0,0.2,2.0,4.0,64,0.001,0.8,1.5,focal,2.0,3.0,0.1,200,8,5,10,40,64,plateau,0,True,False,0.2,256,0,True,14,772,0.25115513801574707,12,-1,0.2511548693388993,0.43037974683544306,0.41417550296662115,313.8096663951874,553
B3_R6_rf100_d6,depth_rgb+thermal_map,feature_concat,[],0.3,True,1.0,32,0.001,100,1e-05,0,0.2,1.0,2.0,64,0.001,0.8,1.5,focal,2.0,3.0,0.1,100,6,5,10,40,64,plateau,0,True,False,0.2,256,0,True,14,772,0.25433921813964844,10,-1,0.257207918610203,0.3345388788426763,0.3335527566403667,324.54708337783813,553
B3_R6_rf200_d8,depth_rgb+thermal_map,feature_concat,[],0.3,True,1.0,32,0.001,100,1e-05,0,0.2,1.0,2.0,64,0.001,0.8,1.5,focal,2.0,3.0,0.1,200,8,5,10,40,64,plateau,0,True,False,0.2,256,0,True,14,772,0.2726699113845825,13,-1,0.27266966516178637,0.3670886075949367,0.36185161364798235,352.33084201812744,553
B3_R6_rf300_d10,depth_rgb+thermal_map,feature_concat,[],0.3,True,1.0,32,0.001,100,1e-05,0,0.2,1.0,2.0,64,0.001,0.8,1.5,focal,2.0,3.0,0.1,300,10,5,10,40,64,plateau,0,True,False,0.2,256,0,True,14,772,0.2994845509529114,10,-1,0.3001561019122485,0.3743218806509946,0.37199769967699065,327.7174382209778,553
B3_R6_rf200_d12,depth_rgb+thermal_map,feature_concat,[],0.3,True,1.0,32,0.001,100,1e-05,0,0.2,1.0,2.0,64,0.001,0.8,1.5,focal,2.0,3.0,0.1,200,12,3,5,40,64,plateau,0,True,False,0.2,256,0,True,14,772,0.27887624502182007,13,-1,0.27295794962502185,0.39421338155515373,0.3877299574674768,352.3523819446564,553
B3_R6_rf200_d8_k20,depth_rgb+thermal_map,feature_concat,[],0.3,True,1.0,32,0.001,100,1e-05,0,0.2,1.0,2.0,64,0.001,0.8,1.5,focal,2.0,3.0,0.1,200,8,5,10,20,64,plateau,0,True,False,0.2,256,0,True,14,772,0.2708163261413574,13,-1,0.2708160993176886,0.4231464737793852,0.4101730453454591,350.04077434539795,553
B3_R6_rf200_d8_k60,depth_rgb+thermal_map,feature_concat,[],0.3,True,1.0,32,0.001,100,1e-05,0,0.2,1.0,2.0,64,0.001,0.8,1.5,focal,2.0,3.0,0.1,200,8,5,10,60,64,plateau,0,True,False,0.2,256,0,True,14,772,0.2657508850097656,16,-1,0.26892501360038834,0.4104882459312839,0.40409671547770093,377.77004623413086,553
B3_R7_no_ft,depth_rgb+thermal_map,feature_concat,[],0.3,True,1.0,32,0.001,100,0.0,0,0.0,1.0,2.0,64,0.001,0.8,1.5,focal,2.0,3.0,0.1,300,10,5,10,40,64,plateau,0,True,False,0.2,256,0,True,14,772,0.26399821043014526,16,-1,0.263998005113399,0.3779385171790235,0.3715198047626919,377.23090505599976,553
B3_R7_ft_top10_50ep,depth_rgb+thermal_map,feature_concat,[],0.3,True,1.0,32,0.001,100,1e-05,50,0.1,1.0,2.0,64,0.001,0.8,1.5,focal,2.0,3.0,0.1,300,10,5,10,40,64,plateau,0,True,False,0.2,256,0,True,14,772,0.2719656229019165,12,0.2766263484954834,0.27106384642452197,0.352622061482821,0.35060472399939635,440.012216091156,553
B3_R7_ft_top20_50ep,depth_rgb+thermal_map,feature_concat,[],0.3,True,1.0,32,0.001,100,1e-05,50,0.2,1.0,2.0,64,0.001,0.8,1.5,focal,2.0,3.0,0.1,300,10,5,10,40,64,plateau,0,True,False,0.2,256,0,True,14,772,0.28774797916412354,15,0.26903146505355835,0.288555933813633,0.45207956600361665,0.42930347903790683,465.62499713897705,553
B3_R7_ft_top20_50ep_lr,depth_rgb+thermal_map,feature_concat,[],0.3,True,1.0,32,0.001,100,5e-06,50,0.2,1.0,2.0,64,0.001,0.8,1.5,focal,2.0,3.0,0.1,300,10,5,10,40,64,plateau,0,True,False,0.2,256,0,True,14,772,0.2799991965293884,13,0.30869561433792114,0.3086953594107261,0.41229656419529837,0.4071016455277577,468.11908292770386,553
TOP3_1_fold1,depth_rgb+thermal_map,feature_concat,[],0.3,True,1.0,32,0.0005,100,5e-06,50,0.2,1.5,3.0,64,0.001,0.8,1.5,focal,2.0,3.0,0.1,200,12,3,5,40,64,plateau,0,True,False,0.2,256,0,True,14,772,0.257789671421051,24,0.25636953115463257,0.2585101608172691,0.36347197106690776,0.36218819466535296,601.3539650440216,553
TOP3_1_fold2,depth_rgb+thermal_map,feature_concat,[],0.3,True,1.0,32,0.0005,100,5e-06,50,0.2,1.5,3.0,64,0.001,0.8,1.5,focal,2.0,3.0,0.1,200,12,3,5,40,64,plateau,0,True,False,0.2,256,1,True,14,772,0.3093956708908081,31,0.3027874827384949,0.3043146724280358,0.5110294117647058,0.45532432375441645,1368.2069056034088,816
TOP3_1_fold3,depth_rgb+thermal_map,feature_concat,[],0.3,True,1.0,32,0.0005,100,5e-06,50,0.2,1.5,3.0,64,0.001,0.8,1.5,focal,2.0,3.0,0.1,200,12,3,5,40,64,plateau,0,True,False,0.2,256,2,True,14,772,0.27395176887512207,26,0.2759859561920166,0.27408936015351026,0.43191800878477304,0.4316258763590628,1172.498458623886,683
TOP3_1_fold4,depth_rgb+thermal_map,feature_concat,[],0.3,True,1.0,32,0.0005,100,5e-06,50,0.2,1.5,3.0,64,0.001,0.8,1.5,focal,2.0,3.0,0.1,200,12,3,5,40,64,plateau,0,True,False,0.2,256,3,True,14,772,0.3266803026199341,37,0.308737576007843,0.32668014148559876,0.4258064516129032,0.42102429093557525,1530.9743087291718,620
TOP3_1_fold5,depth_rgb+thermal_map,feature_concat,[],0.3,True,1.0,32,0.0005,100,5e-06,50,0.2,1.5,3.0,64,0.001,0.8,1.5,focal,2.0,3.0,0.1,200,12,3,5,40,64,plateau,0,True,False,0.2,256,4,True,14,772,0.2677587866783142,8,0.24414581060409546,0.26775847676591014,0.38990825688073394,0.3836474420554606,1107.3005759716034,436
TOP3_2_fold1,depth_rgb+thermal_map,feature_concat,[],0.3,True,1.0,32,0.001,100,5e-06,50,0.2,1.0,2.0,64,0.001,0.8,1.5,focal,2.0,3.0,0.1,300,10,5,10,40,64,plateau,0,True,False,0.2,256,0,True,14,772,0.26910078525543213,26,0.22992002964019775,0.26910052144637253,0.45750452079566006,0.4368848327288883,601.1469528675079,553
TOP3_2_fold2,depth_rgb+thermal_map,feature_concat,[],0.3,True,1.0,32,0.001,100,5e-06,50,0.2,1.0,2.0,64,0.001,0.8,1.5,focal,2.0,3.0,0.1,300,10,5,10,40,64,plateau,0,True,False,0.2,256,1,True,14,772,0.3069242238998413,33,0.29613327980041504,0.306923848624588,0.5575980392156863,0.5147844468114973,628.9282755851746,816
TOP3_2_fold3,depth_rgb+thermal_map,feature_concat,[],0.3,True,1.0,32,0.001,100,5e-06,50,0.2,1.0,2.0,64,0.001,0.8,1.5,focal,2.0,3.0,0.1,300,10,5,10,40,64,plateau,0,True,False,0.2,256,2,True,14,772,0.2883051037788391,24,0.29207128286361694,0.2901597692961231,0.44363103953147875,0.4458603637751855,591.3408422470093,683
TOP3_2_fold4,depth_rgb+thermal_map,feature_concat,[],0.3,True,1.0,32,0.001,100,5e-06,50,0.2,1.0,2.0,64,0.001,0.8,1.5,focal,2.0,3.0,0.1,300,10,5,10,40,64,plateau,0,True,False,0.2,256,3,True,14,772,0.35693663358688354,44,0.31155723333358765,0.3569364161849711,0.4467741935483871,0.44372835966269086,769.5438902378082,620
TOP3_2_fold5,depth_rgb+thermal_map,feature_concat,[],0.3,True,1.0,32,0.001,100,5e-06,50,0.2,1.0,2.0,64,0.001,0.8,1.5,focal,2.0,3.0,0.1,300,10,5,10,40,64,plateau,0,True,False,0.2,256,4,True,14,772,0.30511200428009033,47,0.31656789779663086,0.31636151149201397,0.4059633027522936,0.4042423560123156,771.8240964412689,436
TOP3_3_fold1,depth_rgb+thermal_map,feature_concat,[],0.3,True,1.0,32,0.001,100,1e-05,0,0.2,1.0,2.0,64,0.001,0.8,1.5,focal,2.0,3.0,0.1,300,10,5,10,40,64,plateau,0,True,False,0.2,256,0,True,14,772,0.2600456476211548,31,-1,0.26004538954990886,0.4412296564195298,0.4191564125258915,482.9972960948944,553
TOP3_3_fold2,depth_rgb+thermal_map,feature_concat,[],0.3,True,1.0,32,0.001,100,1e-05,0,0.2,1.0,2.0,64,0.001,0.8,1.5,focal,2.0,3.0,0.1,300,10,5,10,40,64,plateau,0,True,False,0.2,256,1,True,14,772,0.26073867082595825,10,-1,0.2607659210167015,0.5196078431372549,0.4503615428730015,292.49189257621765,816
TOP3_3_fold3,depth_rgb+thermal_map,feature_concat,[],0.3,True,1.0,32,0.001,100,1e-05,0,0.2,1.0,2.0,64,0.001,0.8,1.5,focal,2.0,3.0,0.1,300,10,5,10,40,64,plateau,0,True,False,0.2,256,2,True,14,772,0.2940555214881897,46,-1,0.2940552403675406,0.4802342606149341,0.4767229484562134,580.3751282691956,683
TOP3_3_fold4,depth_rgb+thermal_map,feature_concat,[],0.3,True,1.0,32,0.001,100,1e-05,0,0.2,1.0,2.0,64,0.001,0.8,1.5,focal,2.0,3.0,0.1,300,10,5,10,40,64,plateau,0,True,False,0.2,256,3,True,14,772,0.335396945476532,9,-1,0.331924577373212,0.49193548387096775,0.4631099303060536,289.1617772579193,620
TOP3_3_fold5,depth_rgb+thermal_map,feature_concat,[],0.3,True,1.0,32,0.001,100,1e-05,0,0.2,1.0,2.0,64,0.001,0.8,1.5,focal,2.0,3.0,0.1,300,10,5,10,40,64,plateau,0,True,False,0.2,256,4,True,14,772,0.31774693727493286,72,-1,0.3177466863033874,0.45642201834862384,0.4459930313588851,873.4892256259918,436
BASELINE_fold1,depth_rgb+thermal_map,prob_concat,[],0.3,True,1.0,32,0.0001,200,1e-05,0,0.2,1.5,3.0,64,0.001,0.8,1.5,focal,2.0,3.0,0.1,200,8,5,10,40,64,plateau,0,True,False,0.2,256,0,True,16,774,0.19457298517227173,47,-1,0.1945727066383256,0.3471971066907776,0.3416378445315677,645.8947930335999,553
BASELINE_fold2,depth_rgb+thermal_map,prob_concat,[],0.3,True,1.0,32,0.0001,200,1e-05,0,0.2,1.5,3.0,64,0.001,0.8,1.5,focal,2.0,3.0,0.1,200,8,5,10,40,64,plateau,0,True,False,0.2,256,1,True,16,774,0.22298991680145264,30,-1,0.2229897143624192,0.3897058823529412,0.3696692076771937,481.1321759223938,816
BASELINE_fold3,depth_rgb+thermal_map,prob_concat,[],0.3,True,1.0,32,0.0001,200,1e-05,0,0.2,1.5,3.0,64,0.001,0.8,1.5,focal,2.0,3.0,0.1,200,8,5,10,40,64,plateau,0,True,False,0.2,256,2,True,16,774,0.09824198484420776,32,-1,0.09728239742728906,0.27232796486090777,0.2736109641214184,475.6135983467102,683
BASELINE_fold4,depth_rgb+thermal_map,prob_concat,[],0.3,True,1.0,32,0.0001,200,1e-05,0,0.2,1.5,3.0,64,0.001,0.8,1.5,focal,2.0,3.0,0.1,200,8,5,10,40,64,plateau,0,True,False,0.2,256,3,True,16,774,0.1960355043411255,4,-1,0.19603524229074898,0.4032258064516129,0.27499787034670753,275.449768781662,620
BASELINE_fold5,depth_rgb+thermal_map,prob_concat,[],0.3,True,1.0,32,0.0001,200,1e-05,0,0.2,1.5,3.0,64,0.001,0.8,1.5,focal,2.0,3.0,0.1,200,8,5,10,40,64,plateau,0,True,False,0.2,256,4,True,16,774,0.2392895221710205,92,-1,0.23566741063992813,0.30275229357798167,0.30897867774187054,1070.7885508537292,436
